flow_time_s,pressure_pa
621.1,-0.000114621056127362
621.2,-0.0001149473246186972
621.3,-0.0001151774267782457
621.4,-0.0001152543190983124
621.5,-0.000115280163299758
621.6,-0.0001152850236394443
621.7,-0.0001151461401605047
621.8,-0.0001149003364844248
621.9,-0.0001146077120210975
622.0,-0.0001142415421782061
622.1,-0.0001138178049586713
622.2,-0.0001132755642174743
622.3,-0.0001126327479141764
622.4,-0.0001118830841733143
622.5,-0.0001110759185394272
622.6,-0.0001102119567804039
622.7,-0.0001092798629542813
622.8,-0.0001082874950952828
622.9,-0.000107186431705486
623.0,-0.0001060204667737707
623.1,-0.0001048143531079404
623.2,-0.000103531070635654
623.3,-0.0001022562646539882
623.4,-0.0001008998588076793
623.5,-9.950758249033242e-05
623.6,-9.806768503040075e-05
623.7,-9.656571637606248e-05
623.8,-9.502886678092182e-05
623.9,-9.353555651614442e-05
624.0,-9.206969843944535e-05
624.1,-9.059814328793436e-05
624.2,-8.915929356589913e-05
624.3,-8.764424273977056e-05
624.4,-8.597345004091039e-05
624.5,-8.43560992507264e-05
624.6,-8.29018244985491e-05
624.7,-8.148221968440339e-05
624.8,-8.018518565222621e-05
624.9,-7.89254336268641e-05
625.0,-7.752365490887314e-05
625.1,-7.6031603384763e-05
625.2,-7.459411426680163e-05
625.3,-7.322047167690471e-05
625.4,-7.20114549039863e-05
625.5,-7.089201972121373e-05
625.6,-6.984867650317028e-05
625.7,-6.876828410895541e-05
625.8,-6.763361307093874e-05
625.9,-6.651531293755397e-05
626.0,-6.549409590661526e-05
626.1,-6.458536518039182e-05
626.2,-6.364731962094083e-05
626.3,-6.285587005550042e-05
626.4,-6.215803296072409e-05
626.5,-6.141501944512129e-05
626.6,-6.073317126720212e-05
626.7,-6.002320878906175e-05
626.8,-5.940756091149524e-05
626.9,-5.887619045097381e-05
627.0,-5.838756624143571e-05
627.1,-5.795108154416084e-05
627.2,-5.754590529249981e-05
627.3,-5.715075894840993e-05
627.4,-5.686420627171174e-05
627.5,-5.658930967911147e-05
627.6,-5.636114656226709e-05
627.7,-5.61984270461835e-05
627.8,-5.606665217783302e-05
627.9,-5.591856461251155e-05
628.0,-5.586404586210847e-05
628.1,-5.582818994298577e-05
628.2,-5.583302117884159e-05
628.3,-5.585276085184887e-05
628.4,-5.599966607405804e-05
628.5,-5.616848648060113e-05
628.6,-5.639847950078547e-05
628.7,-5.660231181536801e-05
628.8,-5.688742021447979e-05
628.9,-5.717249950976111e-05
629.0,-5.752007200499065e-05
629.1,-5.79176121391356e-05
629.2,-5.834501644130796e-05
629.3,-5.889543172088452e-05
629.4,-5.950934064458124e-05
629.5,-6.007440242683515e-05
629.6,-6.064215995138511e-05
629.7,-6.131511327112094e-05
629.8,-6.199815834406763e-05
629.9,-6.27230983809568e-05
630.0,-6.351209594868124e-05
630.1,-6.430369830923155e-05
630.2,-6.519856833619997e-05
630.3,-6.611745629925281e-05
630.4,-6.702698010485619e-05
630.5,-6.798910908401012e-05
630.6,-6.89578810124658e-05
630.7,-6.99994052411057e-05
630.8,-7.108019781298935e-05
630.9,-7.220506813609973e-05
631.0,-7.332309905905277e-05
631.1,-7.447967072948813e-05
631.2,-7.567473949166015e-05
631.3,-7.688497134950012e-05
631.4,-7.81109556555748e-05
631.5,-7.938525959616527e-05
631.6,-8.067680755630136e-05
631.7,-8.201190939871594e-05
631.8,-8.336135215358809e-05
631.9,-8.469840395264328e-05
632.0,-8.6045685748104e-05
632.1,-8.741242345422506e-05
632.2,-8.878002699930221e-05
632.3,-9.01239545783028e-05
632.4,-9.146694355877116e-05
632.5,-9.277837671106681e-05
632.6,-9.412685903953388e-05
632.7,-9.539670281810686e-05
632.8,-9.668456914369017e-05
632.9,-9.796102676773444e-05
633.0,-9.918280557030812e-05
633.1,-0.0001003374782158062
633.2,-0.0001014712761389092
633.3,-0.0001025895689963363
633.4,-0.0001036579560604878
633.5,-0.0001046780962496996
633.6,-0.0001056444089044817
633.7,-0.0001065590331563726
633.8,-0.000107367304735817
633.9,-0.0001081857262761332
634.0,-0.00010890207340708
634.1,-0.0001095465340767987
634.2,-0.0001101277739508078
634.3,-0.0001106673807953484
634.4,-0.0001110964294639416
634.5,-0.0001114661426981911
634.6,-0.000111794171971269
634.7,-0.0001120220840675756
634.8,-0.0001121605382650159
634.9,-0.0001122025423683226
635.0,-0.0001122081885114312
635.1,-0.0001121113382396288
635.2,-0.0001118850850616582
635.3,-0.000111616165668238
635.4,-0.0001112622194341384
635.5,-0.0001108119249693118
635.6,-0.0001103201939258724
635.7,-0.0001097576023312286
635.8,-0.0001090648729586974
635.9,-0.0001082995368051343
636.0,-0.0001074969986802898
636.1,-0.0001065783726517111
636.2,-0.0001056067558238283
636.3,-0.0001046006291289814
636.4,-0.0001035086606862023
636.5,-0.0001024005323415622
636.6,-0.0001011203421512619
636.7,-9.991144179366529e-05
636.8,-9.858696284936741e-05
636.9,-9.72491325228475e-05
637.0,-9.582014899933711e-05
637.1,-9.455334657104686e-05
637.2,-9.321176912635565e-05
637.3,-9.183053043670952e-05
637.4,-9.03048858162947e-05
637.5,-8.873167098499835e-05
637.6,-8.722490019863471e-05
637.7,-8.580816211178899e-05
637.8,-8.442811667919159e-05
637.9,-8.316407911479473e-05
638.0,-8.180867735063657e-05
638.1,-8.042022091103718e-05
638.2,-7.89227124187164e-05
638.3,-7.742356683593243e-05
638.4,-7.606224244227633e-05
638.5,-7.480910426238552e-05
638.6,-7.36663569114171e-05
638.7,-7.253846706589684e-05
638.8,-7.142491813283414e-05
638.9,-7.019262557150796e-05
639.0,-6.899655272718519e-05
639.1,-6.785668665543199e-05
639.2,-6.682694947812706e-05
639.3,-6.581009802175686e-05
639.4,-6.494711124105379e-05
639.5,-6.415059033315629e-05
639.6,-6.332830525934696e-05
639.7,-6.251619925023988e-05
639.8,-6.173147994559258e-05
639.9,-6.099922757130116e-05
640.0,-6.0323640354909e-05
640.1,-5.982437869533896e-05
640.2,-5.930701809120364e-05
640.3,-5.885332211619243e-05
640.4,-5.835732008563355e-05
640.5,-5.794120079372078e-05
640.6,-5.756373866461217e-05
640.7,-5.722123387386091e-05
640.8,-5.699595931218937e-05
640.9,-5.672576298820786e-05
641.0,-5.649818922393024e-05
641.1,-5.632226748275571e-05
641.2,-5.620131560135633e-05
641.3,-5.615266491076909e-05
641.4,-5.613675239146687e-05
641.5,-5.61618544452358e-05
641.6,-5.617643182631582e-05
641.7,-5.623527977149934e-05
641.8,-5.630776286125183e-05
641.9,-5.650059392792173e-05
642.0,-5.667662117048167e-05
642.1,-5.698301174561493e-05
642.2,-5.724629227188416e-05
642.3,-5.761985812569037e-05
642.4,-5.801198858534917e-05
642.5,-5.846486601512879e-05
642.6,-5.886534927412868e-05
642.7,-5.936950037721545e-05
642.8,-5.989082274027169e-05
642.9,-6.046348789823242e-05
643.0,-6.109048990765586e-05
643.1,-6.182704964885488e-05
643.2,-6.259822112042457e-05
643.3,-6.333569763228297e-05
643.4,-6.412035145331174e-05
643.5,-6.487440987257287e-05
643.6,-6.571169069502503e-05
643.7,-6.66345440549776e-05
643.8,-6.757138180546463e-05
643.9,-6.855629180790856e-05
644.0,-6.959884922252968e-05
644.1,-7.066185935400426e-05
644.2,-7.166653813328594e-05
644.3,-7.271941285580397e-05
644.4,-7.386738434433937e-05
644.5,-7.503728556912392e-05
644.6,-7.622753037139773e-05
644.7,-7.751143857603893e-05
644.8,-7.877088501118124e-05
644.9,-8.006039570318535e-05
645.0,-8.131284266710281e-05
645.1,-8.262549818027765e-05
645.2,-8.392603922402486e-05
645.3,-8.526242891093716e-05
645.4,-8.668540976941586e-05
645.5,-8.810305007500574e-05
645.6,-8.949421317083761e-05
645.7,-9.08749716472812e-05
645.8,-9.221934305969626e-05
645.9,-9.359026444144547e-05
646.0,-9.497941937297583e-05
646.1,-9.633808076614514e-05
646.2,-9.765928552951664e-05
646.3,-9.898679127218202e-05
646.4,-0.0001002204735414125
646.5,-0.0001015513043967076
646.6,-0.0001027626567520201
646.7,-0.0001039194103213958
646.8,-0.0001050708233378828
646.9,-0.0001061859584297054
647.0,-0.0001072196391760372
647.1,-0.0001082127782865427
647.2,-0.0001091631929739378
647.3,-0.000110065026092343
647.4,-0.0001108890137402341
647.5,-0.0001116261555580422
647.6,-0.0001123645633924752
647.7,-0.0001129696029238403
647.8,-0.0001135291167884134
647.9,-0.000113985464849975
648.0,-0.0001144352208939381
648.1,-0.0001147841685451567
648.2,-0.0001150735624833032
648.3,-0.0001152046752395108
648.4,-0.0001152781696873717
648.5,-0.0001152630647993647
648.6,-0.0001152474869741127
648.7,-0.0001150471289292909
648.8,-0.0001147871662396938
648.9,-0.0001144691923400387
649.0,-0.0001140575404861011
649.1,-0.0001135501806857064
649.2,-0.0001129751981352456
649.3,-0.0001122893663705327
649.4,-0.0001115440318244509
649.5,-0.000110718043288216
649.6,-0.0001097804488381371
649.7,-0.000108863714558538
649.8,-0.0001077719280146994
649.9,-0.0001066647964762524
650.0,-0.0001054658278007992
650.1,-0.00010425788059365
650.2,-0.0001029819832183421
650.3,-0.0001016846435959451
650.4,-0.0001002952412818559
650.5,-9.883502207230777e-05
650.6,-9.737361688166857e-05
650.7,-9.588505781721324e-05
650.8,-9.436802793061361e-05
650.9,-9.289490117225796e-05
651.0,-9.141678310697898e-05
651.1,-8.994786912808195e-05
651.2,-8.845443517202511e-05
651.3,-8.691265247762203e-05
651.4,-8.527472527930513e-05
651.5,-8.36912149679847e-05
651.6,-8.226914360420778e-05
651.7,-8.087557216640562e-05
651.8,-7.961817755131051e-05
651.9,-7.831003313185647e-05
652.0,-7.685042510274798e-05
652.1,-7.537117198808119e-05
652.2,-7.400345202768221e-05
652.3,-7.267339969985187e-05
652.4,-7.151553290896118e-05
652.5,-7.042963989078999e-05
652.6,-6.932665564818308e-05
652.7,-6.82627287460491e-05
652.8,-6.710474553983659e-05
652.9,-6.608150579268113e-05
653.0,-6.509934610221535e-05
653.1,-6.414789822883904e-05
653.2,-6.325513095362112e-05
653.3,-6.251398735912517e-05
653.4,-6.180614582262933e-05
653.5,-6.109602691140026e-05
653.6,-6.043700705049559e-05
653.7,-5.974777013761923e-05
653.8,-5.915857764193788e-05
653.9,-5.862403486389667e-05
654.0,-5.819277430418879e-05
654.1,-5.77438113396056e-05
654.2,-5.733043872169219e-05
654.3,-5.699382381862961e-05
654.4,-5.669673555530608e-05
654.5,-5.653393600368872e-05
654.6,-5.631223029922694e-05
654.7,-5.6157645303756e-05
654.8,-5.599384530796669e-05
654.9,-5.587972555076703e-05
655.0,-5.582196899922565e-05
655.1,-5.580405195360072e-05
655.2,-5.58244573767297e-05
655.3,-5.591929220827296e-05
655.4,-5.610980952042155e-05
655.5,-5.629429142572917e-05
655.6,-5.648419028148055e-05
655.7,-5.669954043696634e-05
655.8,-5.700405745301396e-05
655.9,-5.730694101657718e-05
656.0,-5.768830305896699e-05
656.1,-5.814282849314623e-05
656.2,-5.861106910742819e-05
656.3,-5.919481191085652e-05
656.4,-5.971567588858306e-05
656.5,-6.030630902387202e-05
656.6,-6.093513002269901e-05
656.7,-6.158126780064777e-05
656.8,-6.230016879271716e-05
656.9,-6.307494186330587e-05
657.0,-6.386813038261607e-05
657.1,-6.47065753582865e-05
657.2,-6.561081681866199e-05
657.3,-6.649221177212894e-05
657.4,-6.746677536284551e-05
657.5,-6.844600284239277e-05
657.6,-6.941630272194743e-05
657.7,-7.046378595987335e-05
657.8,-7.154123886721209e-05
657.9,-7.269796333275735e-05
658.0,-7.383599586319178e-05
658.1,-7.500727224396542e-05
658.2,-7.618405652465299e-05
658.3,-7.743167952867225e-05
658.4,-7.870944682508707e-05
658.5,-7.996872591320425e-05
658.6,-8.128279296215624e-05
658.7,-8.261674520326778e-05
658.8,-8.396172052016482e-05
658.9,-8.526207238901407e-05
659.0,-8.664693450555205e-05
659.1,-8.804425306152552e-05
659.2,-8.937779057305306e-05
659.3,-9.072519605979323e-05
659.4,-9.203481022268534e-05
659.5,-9.338626841781661e-05
659.6,-9.46766886045225e-05
659.7,-9.599051554687321e-05
659.8,-9.726916323415935e-05
659.9,-9.849292109720409e-05
660.0,-9.972238331101835e-05
660.1,-0.0001008433537208475
660.2,-0.0001019678020384163
660.3,-0.0001030972271109931
660.4,-0.0001041192153934389
660.5,-0.0001051241561071947
660.6,-0.0001060583526850678
660.7,-0.0001069080244633369
660.8,-0.0001077474953490309
660.9,-0.0001084973919205368
661.0,-0.0001092103702831082
661.1,-0.0001098316351999529
661.2,-0.0001103725589928217
661.3,-0.00011086947779404
661.4,-0.0001112516183638945
661.5,-0.0001116413477575406
661.6,-0.0001118725340347737
661.7,-0.0001120865999837406
661.8,-0.0001121925160987303
661.9,-0.0001122326211770996
662.0,-0.0001121844470617361
662.1,-0.0001120487722801045
662.2,-0.000111775952973403
662.3,-0.0001114382394007407
662.4,-0.0001110368757508695
662.5,-0.0001105979172280058
662.6,-0.0001100956433219835
662.7,-0.0001094740582630038
662.8,-0.0001087278869817965
662.9,-0.0001079359790310264
663.0,-0.0001070742218871601
663.1,-0.000106142193544656
663.2,-0.0001051828367053531
663.3,-0.0001041315263137221
663.4,-0.0001030070707201958
663.5,-0.0001018196780933067
663.6,-0.0001006063394015655
663.7,-9.932478133123368e-05
663.8,-9.79453106992878e-05
663.9,-9.658487397246063e-05
664.0,-9.530473471386358e-05
664.1,-9.395775850862265e-05
664.2,-9.260244405595586e-05
664.3,-9.115997818298638e-05
664.4,-8.960878767538816e-05
664.5,-8.801204967312515e-05
664.6,-8.659195736981928e-05
664.7,-8.52069424581714e-05
664.8,-8.382352098124102e-05
664.9,-8.257437730208039e-05
665.0,-8.120860002236441e-05
665.1,-7.975123298820108e-05
665.2,-7.827889203326777e-05
665.3,-7.679881673539057e-05
665.4,-7.550338341388851e-05
665.5,-7.427357923006639e-05
665.6,-7.310492219403386e-05
665.7,-7.203872519312426e-05
665.8,-7.088849815772846e-05
665.9,-6.966951332287863e-05
666.0,-6.849810597486794e-05
666.1,-6.74128532409668e-05
666.2,-6.635597674176097e-05
666.3,-6.538415618706495e-05
666.4,-6.45537584205158e-05
666.5,-6.376706005539745e-05
666.6,-6.295095226960257e-05
666.7,-6.217396003194153e-05
666.8,-6.142719212220982e-05
666.9,-6.070138624636456e-05
667.0,-6.006039257044904e-05
667.1,-5.957594839856029e-05
667.2,-5.90811760048382e-05
667.3,-5.86124042456504e-05
667.4,-5.818306817673147e-05
667.5,-5.777131082140841e-05
667.6,-5.741815039073117e-05
667.7,-5.711774429073557e-05
667.8,-5.689918907592073e-05
667.9,-5.66087182960473e-05
668.0,-5.640534072881564e-05
668.1,-5.6256860261783e-05
668.2,-5.615162444883026e-05
668.3,-5.611808956018649e-05
668.4,-5.613706161966547e-05
668.5,-5.61605193070136e-05
668.6,-5.620692172669806e-05
668.7,-5.626276833936572e-05
668.8,-5.640380550175905e-05
668.9,-5.659510497935116e-05
669.0,-5.680243339156732e-05
669.1,-5.707561649614945e-05
669.2,-5.739294283557683e-05
669.3,-5.779384810011834e-05
669.4,-5.821186641696841e-05
669.5,-5.864009654032998e-05
669.6,-5.90986164752394e-05
669.7,-5.959031113889068e-05
669.8,-6.012281301082112e-05
669.9,-6.07598849455826e-05
670.0,-6.142295023892075e-05
670.1,-6.215794564923272e-05
670.2,-6.294631020864472e-05
670.3,-6.367637251969427e-05
670.4,-6.444162863772362e-05
670.5,-6.522101466543972e-05
670.6,-6.611060962313786e-05
670.7,-6.705252599203959e-05
670.8,-6.801465497119352e-05
670.9,-6.90283122821711e-05
671.0,-7.007697422523052e-05
671.1,-7.109486614353955e-05
671.2,-7.215142250061035e-05
671.3,-7.32035914552398e-05
671.4,-7.439566979883239e-05
671.5,-7.558516517747194e-05
671.6,-7.680445560254157e-05
671.7,-7.807619113009423e-05
671.8,-7.936912152217701e-05
671.9,-8.058091771090403e-05
672.0,-8.187889034161344e-05
672.1,-8.320473716594279e-05
672.2,-8.453052578261122e-05
672.3,-8.592190715717152e-05
672.4,-8.733203867450356e-05
672.5,-8.871169848134741e-05
672.6,-9.012095688376576e-05
672.7,-9.14846095838584e-05
672.8,-9.284524276154116e-05
672.9,-9.419168782187626e-05
673.0,-9.562742343405262e-05
673.1,-9.694045002106577e-05
673.2,-9.826094901654869e-05
673.3,-9.954038250725716e-05
673.4,-0.0001008940453175455
673.5,-0.0001020594645524397
673.6,-0.000103280799521599
673.7,-0.0001044263772200793
673.8,-0.0001055551110766828
673.9,-0.0001066503828042187
674.0,-0.0001077019987860695
674.1,-0.0001086509291781113
674.2,-0.000109564745798707
674.3,-0.0001104412658605725
674.4,-0.0001112367899622768
674.5,-0.0001119794615078717
674.6,-0.0001126527349697426
674.7,-0.0001132280740421265
674.8,-0.0001137471117544919
674.9,-0.000114176218630746
675.0,-0.0001145877031376585
675.1,-0.0001149242671090178
675.2,-0.0001151562682935037
675.3,-0.0001152465774794109
675.4,-0.0001152855038526468
675.5,-0.0001152715994976461
675.6,-0.0001151705073425546
675.7,-0.0001149360468843952
675.8,-0.0001146622307715006
675.9,-0.0001142963228630833
676.0,-0.0001138710358645767
676.1,-0.0001133424448198639
676.2,-0.0001126928982557729
676.3,-0.0001119238731916994
676.4,-0.0001111560050048865
676.5,-0.0001103006507037207
676.6,-0.0001094146282412112
676.7,-0.0001083744646166451
676.8,-0.0001073006642400287
676.9,-0.0001061481307260692
677.0,-0.0001049241982400417
677.1,-0.0001036371540976688
677.2,-0.0001024006996885873
677.3,-0.0001010763371596113
677.4,-9.968651283998042e-05
677.5,-9.821261483011767e-05
677.6,-9.669106657383963e-05
677.7,-9.517819853499532e-05
677.8,-9.36999567784369e-05
677.9,-9.222239896189421e-05
678.0,-9.07460052985698e-05
678.1,-8.92949610715732e-05
678.2,-8.781066571827978e-05
678.3,-8.615330443717539e-05
678.4,-8.451561006950215e-05
678.5,-8.303255890496075e-05
678.6,-8.164236351149157e-05
678.7,-8.031188190216199e-05
678.8,-7.904934318503365e-05
678.9,-7.76809174567461e-05
679.0,-7.61812916607596e-05
679.1,-7.471787102986127e-05
679.2,-7.333554094657302e-05
679.3,-7.212317723315209e-05
679.4,-7.101810479070991e-05
679.5,-6.996931915637106e-05
679.6,-6.889562791911885e-05
679.7,-6.773335917387158e-05
679.8,-6.661145744146779e-05
679.9,-6.559680332429707e-05
680.0,-6.46391708869487e-05
680.1,-6.375055818352848e-05
680.2,-6.292448961175978e-05
680.3,-6.222075899131596e-05
680.4,-6.149974797153845e-05
680.5,-6.081072569941171e-05
680.6,-6.012464291416109e-05
680.7,-5.94628436374478e-05
680.8,-5.892967601539567e-05
680.9,-5.840360972797498e-05
681.0,-5.801137012895197e-05
681.1,-5.75730373384431e-05
681.2,-5.721673733205535e-05
681.3,-5.688070086762309e-05
681.4,-5.660544775309972e-05
681.5,-5.636625792249106e-05
681.6,-5.621523087029345e-05
681.7,-5.60775697522331e-05
681.8,-5.591706576524302e-05
681.9,-5.589390275417827e-05
682.0,-5.585174585576169e-05
682.1,-5.579566641245037e-05
682.2,-5.583145684795454e-05
682.3,-5.597318886430003e-05
682.4,-5.616891576210037e-05
682.5,-5.635560592054389e-05
682.6,-5.656723806168884e-05
682.7,-5.68498217035085e-05
682.8,-5.715681254514493e-05
682.9,-5.748604235122912e-05
683.0,-5.786007750430144e-05
683.1,-5.831131784361787e-05
683.2,-5.885121936444193e-05
683.3,-5.942370989941992e-05
683.4,-5.99892227910459e-05
683.5,-6.060586383682676e-05
683.6,-6.124022911535576e-05
683.7,-6.191844295244664e-05
683.8,-6.262888200581074e-05
683.9,-6.340885738609359e-05
684.0,-6.42203085590154e-05
684.1,-6.513470725622028e-05
684.2,-6.599185144295916e-05
684.3,-6.69160726829432e-05
684.4,-6.787277379771695e-05
684.5,-6.886303890496492e-05
684.6,-6.990573456278071e-05
684.7,-7.095430191839114e-05
684.8,-7.203905988717452e-05
684.9,-7.32113330741413e-05
685.0,-7.435850420733914e-05
685.1,-7.555481715826318e-05
685.2,-7.675177766941488e-05
685.3,-7.801796164130792e-05
685.4,-7.924683450255543e-05
685.5,-8.056503429543227e-05
685.6,-8.187150524463505e-05
685.7,-8.321179484482855e-05
685.8,-8.453227928839624e-05
685.9,-8.589219214627519e-05
686.0,-8.726093801669776e-05
686.1,-8.863967377692461e-05
686.2,-8.998056728160009e-05
686.3,-9.131446131505072e-05
686.4,-9.26546344999224e-05
686.5,-9.398022666573524e-05
686.6,-9.526843496132642e-05
686.7,-9.6548639703542e-05
686.8,-9.781007975107059e-05
686.9,-9.90377739071846e-05
687.0,-0.0001002411299850792
687.1,-0.000101377947430592
687.2,-0.0001024694793159142
687.3,-0.00010354419646319
687.4,-0.0001045907411025837
687.5,-0.0001055486645782366
687.6,-0.0001064577445504256
687.7,-0.0001072819286491722
687.8,-0.0001080880974768661
687.9,-0.0001088183489628136
688.0,-0.0001094786712201312
688.1,-0.0001100822410080582
688.2,-0.0001106015042751096
688.3,-0.0001110725861508399
688.4,-0.0001114431142923422
688.5,-0.0001117700230679475
688.6,-0.0001119953813031316
688.7,-0.0001121325403801166
688.8,-0.0001122187604778446
688.9,-0.0001121973764384165
689.0,-0.0001120948872994632
689.1,-0.0001119329244829714
689.2,-0.0001116619605454616
689.3,-0.0001112899917643517
689.4,-0.0001108549113268964
689.5,-0.000110359578684438
689.6,-0.0001098130815080367
689.7,-0.0001091406011255458
689.8,-0.0001083868774003349
689.9,-0.0001075551263056695
690.0,-0.0001066669865394942
690.1,-0.0001057107947417535
690.2,-0.0001047293335432187
690.3,-0.0001036332396324724
690.4,-0.0001024745724862441
690.5,-0.0001012775319395587
690.6,-0.0001000589691102505
690.7,-9.870526264421642e-05
690.8,-9.73394198808819e-05
690.9,-9.599857003195211e-05
691.0,-9.4696952146478e-05
691.1,-9.333463822258636e-05
691.2,-9.19878511922434e-05
691.3,-9.045655315276235e-05
691.4,-8.889094897313043e-05
691.5,-8.734688890399411e-05
691.6,-8.595165854785591e-05
691.7,-8.457380317850038e-05
691.8,-8.331538992933929e-05
691.9,-8.195589180104434e-05
692.0,-8.05717209004797e-05
692.1,-7.907980034360662e-05
692.2,-7.757356797810644e-05
692.3,-7.618161180289462e-05
692.4,-7.491260475944728e-05
692.5,-7.378938607871532e-05
692.6,-7.266878674272448e-05
692.7,-7.155706407502294e-05
692.8,-7.030999404378235e-05
692.9,-6.91206005285494e-05
693.0,-6.795710942242295e-05
693.1,-6.693974137306213e-05
693.2,-6.590291013708338e-05
693.3,-6.501572352135554e-05
693.4,-6.42112354398705e-05
693.5,-6.340804975479841e-05
693.6,-6.258768553379923e-05
693.7,-6.181812204886228e-05
693.8,-6.106872024247423e-05
693.9,-6.04142333031632e-05
694.0,-5.986891483189538e-05
694.1,-5.935036460869014e-05
694.2,-5.886761573492549e-05
694.3,-5.843286999152042e-05
694.4,-5.798388519906439e-05
694.5,-5.760592830483802e-05
694.6,-5.726532253902406e-05
694.7,-5.701044574379921e-05
694.8,-5.675186912412755e-05
694.9,-5.652834443026222e-05
695.0,-5.632819011225365e-05
695.1,-5.620078445645049e-05
695.2,-5.615543705062009e-05
695.3,-5.610587686533108e-05
695.4,-5.615701229544356e-05
695.5,-5.618137220153585e-05
695.6,-5.621737000183202e-05
695.7,-5.630660962196998e-05
695.8,-5.646658974001184e-05
695.9,-5.66874623473268e-05
696.0,-5.693698403774761e-05
696.1,-5.720322587876581e-05
696.2,-5.756668542744592e-05
696.3,-5.798162965220399e-05
696.4,-5.841794336447492e-05
696.5,-5.88471011724323e-05
696.6,-5.930641054874286e-05
696.7,-5.981323920423165e-05
696.8,-6.039184518158436e-05
696.9,-6.104323256295174e-05
697.0,-6.175579619593918e-05
697.1,-6.252696766750887e-05
697.2,-6.325564754661173e-05
697.3,-6.400886195478961e-05
697.4,-6.478302384493873e-05
697.5,-6.561810005223379e-05
697.6,-6.650733121205121e-05
697.7,-6.746719736838713e-05
697.8,-6.844826566521078e-05
697.9,-6.94823102094233e-05
698.0,-7.053441368043423e-05
698.1,-7.155978528317064e-05
698.2,-7.262675353558734e-05
698.3,-7.374138658633456e-05
698.4,-7.490844291169196e-05
698.5,-7.609863678226247e-05
698.6,-7.735661347396672e-05
698.7,-7.862412894610316e-05
698.8,-7.993473263923079e-05
698.9,-8.117718971334398e-05
699.0,-8.248061203630641e-05
699.1,-8.379337668884546e-05
699.2,-8.513497596140951e-05
699.3,-8.653149416204542e-05
699.4,-8.795515896053985e-05
699.5,-8.933842036640272e-05
699.6,-9.073879482457414e-05
699.7,-9.20897291507572e-05
699.8,-9.341085387859493e-05
699.9,-9.486683120485395e-05
700.0,-9.61991972872056e-05
700.1,-9.751941252034158e-05
700.2,-9.88681786111556e-05
700.3,-0.0001001288765110075
700.4,-0.000101399353297893
700.5,-0.0001026274549076334
700.6,-0.0001038062837324105
700.7,-0.0001049516649800353
700.8,-0.0001060595313902013
700.9,-0.0001071012447937392
701.0,-0.0001081290320144035
701.1,-0.0001090710793505423
701.2,-0.0001099446599255316
701.3,-0.0001107967982534319
701.4,-0.0001115605773520656
701.5,-0.0001123088295571506
701.6,-0.0001129102674894966
701.7,-0.0001134907433879562
701.8,-0.0001139456653618254
701.9,-0.0001143743866123259
702.0,-0.0001147477378253825
702.1,-0.0001150346870417707
702.2,-0.0001151870892499574
702.3,-0.0001152628974523395
702.4,-0.0001152929253294133
702.5,-0.0001152554177679121
702.6,-0.0001150929092545994
702.7,-0.0001148339069914073
702.8,-0.0001144848793046549
702.9,-0.000114085734821856
703.0,-0.0001136191494879313
703.1,-0.0001130571181420237
703.2,-0.0001123566544265486
703.3,-0.000111627385194879
703.4,-0.0001107900316128507
703.5,-0.0001099099172279239
703.6,-0.0001089214492822066
703.7,-0.000107902247691527
703.8,-0.0001067966513801366
703.9,-0.0001056477995007299
704.0,-0.0001043722004396841
704.1,-0.0001030806088238023
704.2,-0.0001017988470266573
704.3,-0.0001004556324915029
704.4,-9.900157601805404e-05
704.5,-9.754406346473843e-05
704.6,-9.603314538253471e-05
704.7,-9.450502693653107e-05
704.8,-9.30557434912771e-05
704.9,-9.157148451777175e-05
705.0,-9.009384666569531e-05
705.1,-8.859867375576869e-05
705.2,-8.711105328984559e-05
705.3,-8.543515286874026e-05
705.4,-8.383928070543334e-05
705.5,-8.23994996608235e-05
705.6,-8.102391439024359e-05
705.7,-7.97218963271007e-05
705.8,-7.845732034184039e-05
705.9,-7.70048500271514e-05
706.0,-7.552430179202929e-05
706.1,-7.415268919430673e-05
706.2,-7.279126293724403e-05
706.3,-7.163074769778177e-05
706.4,-7.054090383462608e-05
706.5,-6.944153574295342e-05
706.6,-6.836297689005733e-05
706.7,-6.723204569425434e-05
706.8,-6.616426981054246e-05
706.9,-6.519439193652943e-05
707.0,-6.425502942875028e-05
707.1,-6.334605131996796e-05
707.2,-6.259042856981978e-05
707.3,-6.187352119013667e-05
707.4,-6.11810537520796e-05
707.5,-6.049891817383468e-05
707.6,-5.980607238598168e-05
707.7,-5.922372292843647e-05
707.8,-5.867123036296107e-05
707.9,-5.825341213494539e-05
708.0,-5.78188119106926e-05
708.1,-5.740881169913337e-05
708.2,-5.701965710613877e-05
708.3,-5.668933226843365e-05
708.4,-5.655359927914105e-05
708.5,-5.631212843582034e-05
708.6,-5.61669294256717e-05
708.7,-5.599165888270363e-05
708.8,-5.589154534391128e-05
708.9,-5.584182144957595e-05
709.0,-5.58157917112112e-05
709.1,-5.582745870924555e-05
709.2,-5.590431101154536e-05
709.3,-5.607340426649898e-05
709.4,-5.626989513984881e-05
709.5,-5.644335760734975e-05
709.6,-5.667655568686314e-05
709.7,-5.700220208382234e-05
709.8,-5.728572796215303e-05
709.9,-5.762229920946993e-05
710.0,-5.805593173136003e-05
710.1,-5.853647598996758e-05
710.2,-5.912414781050757e-05
710.3,-5.967066317680292e-05
710.4,-6.023198511684313e-05
710.5,-6.085800487198867e-05
710.6,-6.153914000606164e-05
710.7,-6.224577373359352e-05
710.8,-6.299864617176354e-05
710.9,-6.37801640550606e-05
711.0,-6.460829172283411e-05
711.1,-6.552465492859483e-05
711.2,-6.638599734287709e-05
711.3,-6.739991658832878e-05
711.4,-6.832463259343058e-05
711.5,-6.928935181349516e-05
711.6,-7.034227019175887e-05
711.7,-7.143238326534629e-05
711.8,-7.259187259478495e-05
711.9,-7.371560059254989e-05
712.0,-7.489616837119684e-05
712.1,-7.606094004586339e-05
712.2,-7.730806828476489e-05
712.3,-7.857266609789804e-05
712.4,-7.98390683485195e-05
712.5,-8.113468356896192e-05
712.6,-8.245918434113264e-05
712.7,-8.381563384318724e-05
712.8,-8.515656372765079e-05
712.9,-8.650266681797802e-05
713.0,-8.788578998064622e-05
713.1,-8.92265816219151e-05
713.2,-9.057360148290172e-05
713.3,-9.193105506710708e-05
713.4,-9.324858547188342e-05
713.5,-9.455069084651768e-05
713.6,-9.584783401805907e-05
713.7,-9.712854080135003e-05
713.8,-9.834997763391584e-05
713.9,-9.961930481949821e-05
714.0,-0.0001007465471047908
714.1,-0.0001018823822960258
714.2,-0.0001029690392897464
714.3,-0.0001039968192344531
714.4,-0.0001050224018399604
714.5,-0.0001059672504197806
714.6,-0.0001068403362296522
714.7,-0.0001076633488992229
714.8,-0.0001084158866433427
714.9,-0.0001091225130949169
715.0,-0.0001097756685339846
715.1,-0.0001103078539017588
715.2,-0.0001108286232920364
715.3,-0.0001112576355808415
715.4,-0.0001115975246648304
715.5,-0.0001118709769798443
715.6,-0.0001120491142501123
715.7,-0.0001121606546803378
715.8,-0.0001122233807109296
715.9,-0.0001121916648116894
716.0,-0.0001120635570259765
716.1,-0.0001118135987780988
716.2,-0.0001114936094381846
716.3,-0.0001110803714254871
716.4,-0.0001106422932934947
716.5,-0.0001101552261388861
716.6,-0.0001095544066629373
716.7,-0.0001087975324480794
716.8,-0.0001080244983313605
716.9,-0.0001071385486284271
717.0,-0.0001062336523318663
717.1,-0.0001052663283189759
717.2,-0.0001042476142174564
717.3,-0.0001031177380355075
717.4,-0.0001019463597913273
717.5,-0.0001007451137411408
717.6,-9.946518548531458e-05
717.7,-9.810778283281252e-05
717.8,-9.676843910710886e-05
717.9,-9.538581798551604e-05
718.0,-9.409852646058425e-05
718.1,-9.275654156226665e-05
718.2,-9.13129624677822e-05
718.3,-8.976479875855148e-05
718.4,-8.81742307683453e-05
718.5,-8.672476542415097e-05
718.6,-8.534511289326474e-05
718.7,-8.399098442168906e-05
718.8,-8.265223004855216e-05
718.9,-8.134078962029889e-05
719.0,-7.991516031324863e-05
719.1,-7.845051004551351e-05
719.2,-7.695058593526483e-05
719.3,-7.562651444459334e-05
719.4,-7.440584886353463e-05
719.5,-7.32387270545587e-05
719.6,-7.215554069261998e-05
719.7,-7.102397648850456e-05
719.8,-6.977668090257794e-05
719.9,-6.860563735244796e-05
720.0,-6.749435851816088e-05
720.1,-6.646588008152321e-05
720.2,-6.550123362103477e-05
720.3,-6.468036735896021e-05
720.4,-6.385729648172855e-05
720.5,-6.304331327555701e-05
720.6,-6.223113450687379e-05
720.7,-6.146009400254115e-05
720.8,-6.07360852882266e-05
720.9,-6.012945232214406e-05
721.0,-5.961650094832294e-05
721.1,-5.91514581174124e-05
721.2,-5.868847438250668e-05
721.3,-5.824185791425407e-05
721.4,-5.779890125268139e-05
721.5,-5.744850204791874e-05
721.6,-5.71518212382216e-05
721.7,-5.691215483238921e-05
721.8,-5.66374947084114e-05
721.9,-5.642812902806327e-05
722.0,-5.628129292745143e-05
722.1,-5.615213740384206e-05
722.2,-5.61085544177331e-05
722.3,-5.61195811314974e-05
722.4,-5.616792986984365e-05
722.5,-5.617846909444779e-05
722.6,-5.62792229175102e-05
722.7,-5.638217044179328e-05
722.8,-5.65638329135254e-05
722.9,-5.677246008417569e-05
723.0,-5.704989962396212e-05
723.1,-5.736601451644674e-05
723.2,-5.77598184463568e-05
723.3,-5.817050259793177e-05
723.4,-5.857824726263061e-05
723.5,-5.903725468670018e-05
723.6,-5.95226047153119e-05
723.7,-6.006353942211717e-05
723.8,-6.068916263757274e-05
723.9,-6.134338036645204e-05
724.0,-6.209602724993601e-05
724.1,-6.283827678998932e-05
724.2,-6.358745304169133e-05
724.3,-6.436199328163639e-05
724.4,-6.514469714602455e-05
724.5,-6.601381755899638e-05
724.6,-6.696364289382473e-05
724.7,-6.790713086957112e-05
724.8,-6.892085366416723e-05
724.9,-6.997471064096317e-05
725.0,-7.099515642039478e-05
725.1,-7.202886627055705e-05
725.2,-7.312934758374467e-05
725.3,-7.428669778164476e-05
725.4,-7.541872037108988e-05
725.5,-7.665055454708636e-05
725.6,-7.796286081429571e-05
725.7,-7.922633085399866e-05
725.8,-8.04756855359301e-05
725.9,-8.174777758540586e-05
726.0,-8.305331721203402e-05
726.1,-8.438869554083794e-05
726.2,-8.577052358305082e-05
726.3,-8.71795418788679e-05
726.4,-8.855125633999705e-05
726.5,-8.997645636554807e-05
726.6,-9.135493746725842e-05
726.7,-9.270395094063133e-05
726.8,-9.404910815646872e-05
726.9,-9.547648369334638e-05
727.0,-9.681612573331222e-05
727.1,-9.813145879888907e-05
727.2,-9.942316683009267e-05
727.3,-0.0001007175378617831
727.4,-0.0001019136543618515
727.5,-0.0001031506399158388
727.6,-0.0001043157608364709
727.7,-0.0001054480235325173
727.8,-0.000106536375824362
727.9,-0.0001075984982890077
728.0,-0.000108551153971348
728.1,-0.0001094517283490859
728.2,-0.0001103560789488256
728.3,-0.0001111535966629162
728.4,-0.0001119109656428918
728.5,-0.0001125808339565992
728.6,-0.0001131786993937567
728.7,-0.0001136838036472909
728.8,-0.0001141469620051794
728.9,-0.0001145446003647521
729.0,-0.0001148910378105938
729.1,-0.0001151263641077094
729.2,-0.0001152183613157831
729.3,-0.0001152732002083212
729.4,-0.0001152784607256763
729.5,-0.0001151757023762912
729.6,-0.0001149487507063895
729.7,-0.0001147044822573662
729.8,-0.0001143540939665399
729.9,-0.0001139162268373184
730.0,-0.0001133790428866632
730.1,-0.0001127699215430766
730.2,-0.0001120346641982906
730.3,-0.0001112052850658074
730.4,-0.0001103770919144154
730.5,-0.0001094813633244485
730.6,-0.0001084811447071843
730.7,-0.0001073757666745223
730.8,-0.0001062692026607692
730.9,-0.0001050657301675528
731.0,-0.0001038046539179049
731.1,-0.000102546502603218
731.2,-0.0001012041175272316
731.3,-9.981723269447684e-05
731.4,-9.83680147328414e-05
731.5,-9.685126860858873e-05
731.6,-9.53333146753721e-05
731.7,-9.383239375893027e-05
731.8,-9.238709026249126e-05
731.9,-9.090449020732194e-05
732.0,-8.944612636696547e-05
732.1,-8.79641083884053e-05
732.2,-8.63199238665402e-05
732.3,-8.467937004752457e-05
732.4,-8.31690922495909e-05
732.5,-8.179040742106736e-05
732.6,-8.044335118029267e-05
732.7,-7.917055336292833e-05
732.8,-7.78182948124595e-05
732.9,-7.633709174115211e-05
733.0,-7.490005373256281e-05
733.1,-7.34842469682917e-05
733.2,-7.22556360415183e-05
733.3,-7.115503103705123e-05
733.4,-7.00609598425217e-05
733.5,-6.902409950271249e-05
733.6,-6.783741264371201e-05
733.7,-6.672948074992746e-05
733.8,-6.570375990122557e-05
733.9,-6.473581015598029e-05
734.0,-6.383261643350124e-05
734.1,-6.300769746303558e-05
734.2,-6.226733239600435e-05
734.3,-6.160670454846695e-05
734.4,-6.087063229642808e-05
734.5,-6.017684791004285e-05
734.6,-5.952494757366367e-05
734.7,-5.898396193515509e-05
734.8,-5.845519262948073e-05
734.9,-5.804521788377315e-05
735.0,-5.761842476204038e-05
735.1,-5.724816946894862e-05
735.2,-5.688597593689337e-05
735.3,-5.66018461540807e-05
735.4,-5.640893141389824e-05
735.5,-5.626602796837687e-05
735.6,-5.611495362245478e-05
735.7,-5.595558468485251e-05
735.8,-5.587346095126122e-05
735.9,-5.583050005952828e-05
736.0,-5.578789568971843e-05
736.1,-5.582941230386496e-05
736.2,-5.595824040938169e-05
736.3,-5.614713882096112e-05
736.4,-5.635836714645848e-05
736.5,-5.655710265273228e-05
736.6,-5.682134360540658e-05
736.7,-5.711367339245044e-05
736.8,-5.743255314882845e-05
736.9,-5.782726657344028e-05
737.0,-5.828159555676393e-05
737.1,-5.881170727661811e-05
737.2,-5.938023969065398e-05
737.3,-5.992450314806774e-05
737.4,-6.048921568435617e-05
737.5,-6.116103759268299e-05
737.6,-6.184557423694059e-05
737.7,-6.254891195567325e-05
737.8,-6.332647171802819e-05
737.9,-6.415564712369815e-05
738.0,-6.503722397610545e-05
738.1,-6.590310658793896e-05
738.2,-6.68079883325845e-05
738.3,-6.77970820106566e-05
738.4,-6.877321720821783e-05
738.5,-6.977946031838655e-05
738.6,-7.08334700902924e-05
738.7,-7.193766214186326e-05
738.8,-7.307819760171697e-05
738.9,-7.424375507980585e-05
739.0,-7.544087566202506e-05
739.1,-7.65980948926881e-05
739.2,-7.787055074004456e-05
739.3,-7.910414569778368e-05
739.4,-8.043301932048053e-05
739.5,-8.174886897904798e-05
739.6,-8.310757402796298e-05
739.7,-8.439717930741608e-05
739.8,-8.573703235015273e-05
739.9,-8.709038229426369e-05
740.0,-8.85137778823264e-05
740.1,-8.984005398815498e-05
740.2,-8.935038931667805e-05
740.3000000000001,-9.193547157337889e-05
740.4000000000001,-9.341329132439569e-05
740.5,-9.47031076066196e-05
740.6,-9.60156976361759e-05
740.7,-9.728980512591079e-05
740.8000000000001,-9.851947834249586e-05
740.9000000000001,-9.974435670301318e-05
741.0,-0.0001008837498375215
741.1,-0.0001020005220198072
741.2,-0.0001031231804518029
741.3000000000001,-0.0001041410941979848
741.4000000000001,-0.0001051439976436086
741.5,-0.0001060859140125103
741.6,-0.0001069425707100891
741.7,-0.0001077896449714899
741.8000000000001,-0.0001085308467736468
741.9000000000001,-0.0001092362654162571
742.0,-0.0001098651846405119
742.1,-0.0001103998511098325
742.2,-0.0001109059667214751
742.3000000000001,-0.0001113211328629404
742.4000000000001,-0.000111699009721633
742.5,-0.0001119118824135512
742.6,-0.0001121141322073527
742.7,-0.0001122263565775938
742.8000000000001,-0.0001122638932429254
742.9000000000001,-0.0001122118992498145
743.0,-0.0001120819579227827
743.1,-0.000111824250780046
743.2,-0.0001114874103222974
743.3000000000001,-0.0001110974480980076
743.4000000000001,-0.000110651264549233
743.5,-0.0001101320813177153
743.6,-0.0001095074840122834
743.7,-0.0001087680066120811
743.8000000000001,-0.0001079771682270803
743.9000000000001,-0.0001071044316631742
744.0,-0.0001062105802702717
744.1,-0.0001052046500262804
744.2,-0.0001042022995534353
744.3000000000001,-0.0001030383282341063
744.4000000000001,-0.0001018604598357342
744.5,-0.0001006406964734197
744.6,-9.93505964288488e-05
744.7,-9.798654355108738e-05
744.8000000000001,-9.661752119427547e-05
744.9000000000001,-9.533594857202843e-05
745.0,-9.400736598763615e-05
745.1,-9.264698019251227e-05
745.2,-9.117147419601679e-05
745.3000000000001,-8.965647430159152e-05
745.4000000000001,-8.806282858131453e-05
745.5,-8.662998880026862e-05
745.6,-8.524804434273392e-05
745.7,-8.385553519474342e-05
745.8000000000001,-8.259993774117902e-05
745.9000000000001,-8.124540181597695e-05
746.0,-7.977288623806089e-05
746.1,-7.832041592337191e-05
746.2,-7.682652358198538e-05
746.3000000000001,-7.552741590188816e-05
746.4000000000001,-7.430158439092338e-05
746.5,-7.313596870517358e-05
746.6,-7.20704483683221e-05
746.7,-7.091337465681136e-05
746.8000000000001,-6.969609967200086e-05
746.9000000000001,-6.850215140730143e-05
747.0,-6.742833647876978e-05
747.1,-6.638513877987862e-05
747.2,-6.542182381963357e-05
747.3000000000001,-6.45864347461611e-05
747.4000000000001,-6.379341357387602e-05
747.5,-6.297155050560832e-05
747.6,-6.218760245246813e-05
747.7,-6.144512008177117e-05
747.8000000000001,-6.071254392736591e-05
747.9000000000001,-6.008939089952037e-05
748.0,-5.961086208117194e-05
748.1,-5.910666368436068e-05
748.2,-5.863009937456809e-05
748.3000000000001,-5.821395461680368e-05
748.4000000000001,-5.778940249001607e-05
748.5,-5.743656220147386e-05
748.6,-5.713762220693752e-05
748.7,-5.692203558282927e-05
748.8000000000001,-5.66385751881171e-05
748.9000000000001,-5.642437463393435e-05
749.0,-5.628407961921766e-05
749.1,-5.616370617644861e-05
749.2,-5.61247143195942e-05
749.3000000000001,-5.614093242911622e-05
749.4000000000001,-5.617521674139425e-05
749.5,-5.62304412596859e-05
749.6,-5.628288636216894e-05
749.7,-5.641935422318056e-05
749.8000000000001,-5.661053000949323e-05
749.9000000000001,-5.681985203409567e-05
750.0,-5.708853495889343e-05
750.1,-5.741310815210454e-05
750.2,-5.780833089374937e-05
750.3000000000001,-5.82348984607961e-05
750.4000000000001,-5.863124533789232e-05
750.5,-5.910633626626804e-05
750.6,-5.960134149063379e-05
750.7,-6.014013706590049e-05
750.8000000000001,-6.077788566472009e-05
750.9000000000001,-6.144274084363133e-05
751.0,-6.217790360096842e-05
751.1,-6.292802572716027e-05
751.2,-6.367688183672726e-05
751.3000000000001,-6.4455671235919e-05
751.4000000000001,-6.524010677821934e-05
751.5,-6.611979188164696e-05
751.6,-6.705638224957511e-05
751.7,-6.801733252359554e-05
751.8000000000001,-6.904015026520938e-05
751.9000000000001,-7.008708780631423e-05
752.0,-7.110138540156186e-05
752.1,-7.215519872261211e-05
752.2,-7.320640725083649e-05
752.3000000000001,-7.441637717420235e-05
752.4000000000001,-7.559616642538458e-05
752.5,-7.68048339523375e-05
752.6,-7.807466317899525e-05
752.7,-7.937348709674552e-05
752.8000000000001,-8.058858657022938e-05
752.9000000000001,-8.188829087885097e-05
753.0,-8.321490895468742e-05
753.1,-8.455442730337381e-05
753.2,-8.592043013777584e-05
753.3000000000001,-8.733238064451143e-05
753.4000000000001,-8.87122587300837e-05
753.5,-9.012398368213326e-05
753.6,-9.14881456992589e-05
753.7,-9.283745748689398e-05
753.8000000000001,-9.419168054591864e-05
753.9000000000001,-9.563499770592898e-05
754.0,-9.693971514934674e-05
754.1,-9.826632594922557e-05
754.2,-9.953885455615819e-05
754.3000000000001,-0.0001008955441648141
754.4000000000001,-0.0001020694689941593
754.5,-0.0001032874133670703
754.6,-0.000104429287603125
754.7,-0.0001055572647601366
754.8000000000001,-0.0001066444383468479
754.9000000000001,-0.000107710795418825
755.0,-0.0001086474876501597
755.1,-0.0001095611514756456
755.2,-0.0001104362381738611
755.3000000000001,-0.0001112392128561623
755.4000000000001,-0.0001119833905249834
755.5,-0.0001126557108364068
755.6,-0.0001132323741330765
755.7,-0.0001137472499976866
755.8000000000001,-0.0001141806860687211
755.9000000000001,-0.0001145885544246994
756.0,-0.0001149191666627303
756.1,-0.0001151664400822483
756.2,-0.0001152523327618837
756.3000000000001,-0.0001152603363152593
756.4000000000001,-0.0001152717159129679
756.5,-0.0001151477263192646
756.6,-0.0001149361269199289
756.7,-0.0001146753056673333
756.8000000000001,-0.000114307869807817
756.9000000000001,-0.0001138911757152528
757.0,-0.0001133176410803571
757.1,-0.0001126721690525301
757.2,-0.0001119317967095412
757.3000000000001,-0.0001111534365918487
757.4000000000001,-0.0001103137765312567
757.5,-0.0001093950413633138
757.6,-0.0001083697788999416
757.7,-0.0001073162420652807
757.8000000000001,-0.0001061494258465245
757.9000000000001,-0.0001049263883032836
758.0,-0.0001036383910104632
758.1,-0.0001024029843392782
758.2,-0.0001010782434605062
758.3000000000001,-9.96859380393289e-05
758.4000000000001,-9.819968545343727e-05
758.5,-9.669431165093556e-05
758.6,-9.519905142951757e-05
758.7,-9.368434257339686e-05
758.8000000000001,-9.221719665220007e-05
758.9000000000001,-9.074172703549266e-05
759.0,-8.929632167564705e-05
759.1,-8.781295764492825e-05
759.2,-8.614797843620181e-05
759.3000000000001,-8.451618487015367e-05
759.4000000000001,-8.302075730171055e-05
759.5,-8.166374027496204e-05
759.6,-8.031330071389675e-05
759.7,-7.904969970695674e-05
759.8000000000001,-7.768371870042756e-05
759.9000000000001,-7.61919145588763e-05
760.0,-7.472859579138458e-05
760.1,-7.335546251852065e-05
760.2,-7.21356991562061e-05
760.3000000000001,-7.101093069650233e-05
760.4000000000001,-6.994879367994145e-05
760.5,-6.887883500894532e-05
760.6,-6.773482164135203e-05
760.7,-6.66100240778178e-05
760.8000000000001,-6.562291673617437e-05
760.9000000000001,-6.464205944212154e-05
761.0,-6.374207441695035e-05
761.1,-6.291591125773266e-05
761.2,-6.220762588782236e-05
761.3000000000001,-6.152130663394928e-05
761.4000000000001,-6.081337051000446e-05
761.5,-6.012638914398849e-05
761.6,-5.946301826043054e-05
761.7,-5.893284105695784e-05
761.8000000000001,-5.841283928020857e-05
761.9000000000001,-5.800767030450515e-05
762.0,-5.756573227699846e-05
762.1,-5.722376226913184e-05
762.2,-5.685156065737829e-05
762.3000000000001,-5.659602538798936e-05
762.4000000000001,-5.637617505271919e-05
762.5,-5.620962838293053e-05
762.6,-5.606564445770346e-05
762.7,-5.592121669906192e-05
762.8000000000001,-5.588939893641509e-05
762.9000000000001,-5.583959864452481e-05
763.0,-5.580522702075541e-05
763.1,-5.583624079008587e-05
763.2,-5.597271592705511e-05
763.3000000000001,-5.616541238850914e-05
763.4000000000001,-5.635110937873833e-05
763.5,-5.656150824506767e-05
763.6,-5.684505595127121e-05
763.7,-5.715105726267211e-05
763.8000000000001,-5.747788236476481e-05
763.9000000000001,-5.786829933640547e-05
764.0,-5.831036833114922e-05
764.1,-5.883640187676065e-05
764.2,-5.941679773968644e-05
764.3000000000001,-5.999837594572455e-05
764.4000000000001,-6.060206214897335e-05
764.5,-6.1243430536706e-05
764.6,-6.191689317347482e-05
764.7,-6.261430098675191e-05
764.8000000000001,-6.339320680126548e-05
764.9000000000001,-6.421348371077329e-05
765.0,-6.513461994472891e-05
765.1,-6.598385516554117e-05
765.2,-6.690636655548587e-05
765.3000000000001,-6.787000893382356e-05
765.4000000000001,-6.885208858875558e-05
765.5,-6.990474503254518e-05
765.6,-7.095235923770815e-05
765.7,-7.203172572189942e-05
765.8000000000001,-7.320751319639385e-05
765.9000000000001,-7.434660074068233e-05
766.0,-7.553276373073459e-05
766.1,-7.674350490560755e-05
766.2,-7.801030005794019e-05
766.3000000000001,-7.924826059024781e-05
766.4000000000001,-8.056533260969445e-05
766.5,-8.186876948457211e-05
766.6,-8.320260531036183e-05
766.7,-8.45196918817237e-05
766.8000000000001,-8.587830234318972e-05
766.9000000000001,-8.723946666577831e-05
767.0,-8.863183029461652e-05
767.1,-8.997598342830315e-05
767.2,-9.131152182817459e-05
767.3000000000001,-9.263517131330445e-05
767.4000000000001,-9.398120892001316e-05
767.5,-9.52727859839797e-05
767.6,-9.654901805333793e-05
767.7,-9.780430264072493e-05
767.8000000000001,-9.902488091029227e-05
767.9000000000001,-0.0001002284552669153
768.0,-0.0001013721266645007
768.1,-0.0001024677330860868
768.2,-0.0001035453751683235
768.3000000000001,-0.000104594488220755
768.4000000000001,-0.0001055437751347199
768.5,-0.0001064506504917517
768.6,-0.0001072794329957105
768.7,-0.0001080751317203976
768.8000000000001,-0.0001088123099179938
768.9000000000001,-0.0001094680992537178
769.0,-0.0001100794979720376
769.1,-0.0001106039708247408
769.2,-0.0001110888770199381
769.3000000000001,-0.0001114491824409924
769.4000000000001,-0.0001117647771025077
769.5,-0.0001119877852033824
769.6,-0.0001121312816394493
769.7,-0.0001122230678447522
769.8000000000001,-0.0001122001267503947
769.9000000000001,-0.0001121055247494951
770.0,-0.0001119398948503658
770.1,-0.0001116652274504304
770.2,-0.0001112877362174913
770.3000000000001,-0.0001108529249904677
770.4000000000001,-0.0001103573304135352
770.5,-0.0001098187058232725
770.6,-0.0001091409358195961
770.7,-0.0001083908136934042
770.8000000000001,-0.0001075665786629543
770.9000000000001,-0.0001066785771399736
771.0,-0.0001057185800164007
771.1,-0.0001047375480993651
771.2,-0.0001036484682117589
771.3000000000001,-0.0001024843004415743
771.4000000000001,-0.0001012833454296924
771.5,-0.0001000654738163576
771.6,-9.87069943221286e-05
771.7,-9.734470950206742e-05
771.8000000000001,-9.599347686162218e-05
771.9000000000001,-9.470630175201222e-05
772.0,-9.335480717709288e-05
772.1,-9.198296174872667e-05
772.2,-9.046341438079253e-05
772.3000000000001,-8.888881711754948e-05
772.4000000000001,-8.73688404681161e-05
772.5,-8.598023123340681e-05
772.6,-8.460236131213605e-05
772.7,-8.329849515575916e-05
772.8000000000001,-8.19476626929827e-05
772.9000000000001,-8.057754894252867e-05
773.0,-7.909088890301064e-05
773.1,-7.756853301543742e-05
773.2,-7.619557436555624e-05
773.3000000000001,-7.494306191802025e-05
773.4000000000001,-7.380380702670664e-05
773.5,-7.267121691256762e-05
773.6,-7.15446294634603e-05
773.7,-7.03123805578798e-05
773.8000000000001,-6.913382094353437e-05
773.9000000000001,-6.797612877562642e-05
774.0,-6.695283082081005e-05
774.1,-6.590711564058438e-05
774.2,-6.503595795948058e-05
774.3000000000001,-6.422879960155115e-05
774.4000000000001,-6.339560059132054e-05
774.5,-6.257654604269192e-05
774.6,-6.181362550705671e-05
774.7,-6.107759691076353e-05
774.8000000000001,-6.042319000698626e-05
774.9000000000001,-5.987934855511412e-05
775.0,-5.935718218097463e-05
775.1,-5.88756192883011e-05
775.2,-5.84444533160422e-05
775.3000000000001,-5.799211794510484e-05
775.4000000000001,-5.760441490565427e-05
775.5,-5.72580102016218e-05
775.6,-5.700424662791193e-05
775.7,-5.674799831467681e-05
775.8000000000001,-5.652657273458317e-05
775.9000000000001,-5.633958789985627e-05
776.0,-5.620543743134476e-05
776.1,-5.615647023660131e-05
776.2,-5.610453808913007e-05
776.3000000000001,-5.616160706267692e-05
776.4000000000001,-5.618698196485639e-05
776.5,-5.621422315016389e-05
776.6,-5.630133091472089e-05
776.7,-5.646320641972125e-05
776.8000000000001,-5.667630830430426e-05
776.9000000000001,-5.693408820661716e-05
777.0,-5.720662375097163e-05
777.1,-5.756555765401572e-05
777.2,-5.797679841634817e-05
777.3000000000001,-5.841157690156251e-05
777.4000000000001,-5.883922858629376e-05
777.5,-5.930191036895849e-05
777.6,-5.981502908980474e-05
777.7,-6.040048174327239e-05
777.8000000000001,-6.10292045166716e-05
777.9000000000001,-6.173696601763368e-05
778.0,-6.251059676287696e-05
778.1,-6.325051072053611e-05
778.2,-6.401464634109288e-05
778.3000000000001,-6.478390423581004e-05
778.4000000000001,-6.561121699633077e-05
778.5,-6.65038387523964e-05
778.6,-6.746248982381076e-05
778.7,-6.844208110123873e-05
778.8000000000001,-6.946350185899064e-05
778.9000000000001,-7.053402077872306e-05
779.0,-7.156143692554906e-05
779.1,-7.262713916134089e-05
779.2,-7.373169501079246e-05
779.3000000000001,-7.490016287192702e-05
779.4000000000001,-7.60938273742795e-05
779.5,-7.73509091231972e-05
779.6,-7.861702761147171e-05
779.7,-7.991938764462247e-05
779.8000000000001,-8.11727368272841e-05
779.9000000000001,-8.246813376899809e-05
780.0,-8.378179336432368e-05
780.1,-8.513069769833237e-05
780.2,-8.651873940834776e-05
780.3000000000001,-8.795395842753351e-05
780.4000000000001,-8.934070501709357e-05
780.5,-9.073288674699143e-05
780.6,-9.208579285768792e-05
780.7,-9.341703844256699e-05
780.8000000000001,-9.482417954131961e-05
780.9000000000001,-9.618879266781732e-05
781.0,-9.751202742336318e-05
781.1,-9.885978943202645e-05
781.2,-0.000100119854323566
781.3000000000001,-0.0001013994769891724
781.4000000000001,-0.0001026260579237714
781.5,-0.0001038023547152989
781.6,-0.0001049456113833003
781.7,-0.0001060303329722956
781.8000000000001,-0.0001071303195203654
781.9000000000001,-0.0001081251830328256
782.0,-0.000109064654679969
782.1,-0.0001099453656934202
782.2,-0.0001107986900024116
782.3000000000001,-0.0001115580671466887
782.4000000000001,-0.0001123050096794032
782.5,-0.0001129111042246222
782.6,-0.000113479451101739
782.7,-0.0001139468658948317
782.8000000000001,-0.0001143755507655442
782.9000000000001,-0.0001147461152868345
783.0,-0.0001150302268797532
783.1,-0.0001151990509242751
783.2,-0.0001152702025137842
783.3000000000001,-0.0001152933182311244
783.4000000000001,-0.0001152520853793249
783.5,-0.0001150981042883359
783.6,-0.0001148506926256232
783.7,-0.0001144931302405894
783.8000000000001,-0.0001140825697802939
783.9000000000001,-0.000113615817099344
784.0,-0.0001130627933889627
784.1,-0.0001123564506997354
784.2,-0.0001116313724196516
784.3000000000001,-0.0001107919379137456
784.4000000000001,-0.0001099208966479637
784.5,-0.0001089672150555998
784.6,-0.0001079136927728541
784.7,-0.0001067914054146968
784.8000000000001,-0.0001056416003848426
784.9000000000001,-0.0001043712254613638
785.0,-0.0001030861239996739
785.1,-0.0001018241309793666
785.2,-0.0001004690711852163
785.3000000000001,-9.900384611682966e-05
785.4000000000001,-9.75513830780983e-05
785.5,-9.603833314031363e-05
785.6,-9.451821097172797e-05
785.7,-9.306634456152096e-05
785.8000000000001,-9.157895692624152e-05
785.9000000000001,-9.010181383928284e-05
786.0,-8.86110938154161e-05
786.1,-8.710665861144662e-05
786.2,-8.544234151486307e-05
786.3000000000001,-8.384686952922493e-05
786.4000000000001,-8.2425307482481e-05
786.5,-8.103624713839963e-05
786.6,-7.973924948601052e-05
786.7,-7.84521471359767e-05
786.8000000000001,-7.700707647018135e-05
786.9000000000001,-7.553450996056199e-05
787.0,-7.41625772207044e-05
787.1,-7.280642603291199e-05
787.2,-7.163947157096118e-05
787.3000000000001,-7.054518937366083e-05
787.4000000000001,-6.945059431018308e-05
787.5,-6.837075488874689e-05
787.6,-6.723818660248071e-05
787.7,-6.615979509660974e-05
787.8000000000001,-6.520492024719715e-05
787.9000000000001,-6.427363405236974e-05
788.0,-6.336608930723742e-05
788.1,-6.259977089939639e-05
788.2,-6.186992686707526e-05
788.3000000000001,-6.114238203736022e-05
788.4000000000001,-6.050203228369355e-05
788.5,-5.9830450481968e-05
788.6,-5.925645018578507e-05
788.7,-5.869094093213789e-05
788.8000000000001,-5.823966057505459e-05
788.9000000000001,-5.78152721573133e-05
789.0,-5.740378401242197e-05
789.1,-5.702950875274837e-05
789.2,-5.669777965522371e-05
789.3000000000001,-5.655212589772418e-05
789.4000000000001,-5.63129797228612e-05
789.5,-5.616180715151131e-05
789.6,-5.59871768928133e-05
789.7,-5.588221029029228e-05
789.8000000000001,-5.584248356171884e-05
789.9000000000001,-5.58178398932796e-05
790.0,-5.58285100851208e-05
790.1,-5.59062282263767e-05
790.2,-5.607411731034517e-05
790.3000000000001,-5.626771599054337e-05
790.4000000000001,-5.643751865136437e-05
790.5,-5.667026925948448e-05
790.6,-5.699442408513278e-05
790.7,-5.727493044105358e-05
790.8000000000001,-5.76194106542971e-05
790.9000000000001,-5.805508408229798e-05
791.0,-5.853568654856645e-05
791.1,-5.912517735850997e-05
791.2,-5.967032848275267e-05
791.3000000000001,-6.02261716267094e-05
791.4000000000001,-6.084747292334214e-05
791.5,-6.152267451398075e-05
791.6,-6.222947558853775e-05
791.7,-6.29959613434039e-05
791.8000000000001,-6.377868703566492e-05
791.9000000000001,-6.46069020149298e-05
792.0,-6.551598926307634e-05
792.1,-6.638115155510604e-05
792.2,-6.73801769153215e-05
792.3000000000001,-6.832109647803009e-05
792.4000000000001,-6.928638322278857e-05
792.5,-7.033134170342237e-05
792.6,-7.142461981857195e-05
792.7,-7.258622645167634e-05
792.8000000000001,-7.37111913622357e-05
792.9000000000001,-7.489076961064711e-05
793.0,-7.604819984408095e-05
793.1,-7.729978824499995e-05
793.2,-7.855377771193162e-05
793.3000000000001,-7.982642273418605e-05
793.4000000000001,-8.112185605568811e-05
793.5,-8.245607023127377e-05
793.6,-8.381298539461568e-05
793.7,-8.515024819644168e-05
793.8000000000001,-8.648455695947632e-05
793.9000000000001,-8.786965918261558e-05
794.0,-8.921755943447351e-05
794.1,-9.05651249922812e-05
794.2,-9.19189042178914e-05
794.3000000000001,-9.323157428298146e-05
794.4000000000001,-9.455148392589763e-05
794.5,-9.584541840013117e-05
794.6,-9.71188346738927e-05
794.7,-9.834646334638819e-05
794.8000000000001,-9.961097384802997e-05
794.9000000000001,-0.0001007340179057792
795.0,-0.0001018690745695494
795.1,-0.0001029675331665203
795.2,-0.0001039958151523024
795.3000000000001,-0.0001050144710461609
795.4000000000001,-0.0001059590358636342
795.5,-0.0001068306592060253
795.6,-0.0001076520202332176
795.7,-0.000108407526568044
795.8000000000001,-0.0001091100129997358
795.9000000000001,-0.0001097698041121475
796.0,-0.0001103039394365624
796.1,-0.0001108303986256942
796.2,-0.0001112526588258334
796.3000000000001,-0.0001116013008868322
796.4000000000001,-0.0001118624932132661
796.5,-0.0001120455417549238
796.6,-0.000112170135253109
796.7,-0.000112222827738151
796.8000000000001,-0.00011218437430216
796.9000000000001,-0.0001120642336900346
797.0,-0.0001118077852879651
797.1,-0.0001114899932872504
797.2,-0.0001110855373553932
797.3000000000001,-0.0001106471390812658
797.4000000000001,-0.0001101564557757229
797.5,-0.0001095575280487537
797.6,-0.0001087989221559837
797.7,-0.0001080291403923184
797.8000000000001,-0.0001071555743692443
797.9000000000001,-0.0001062381415977143
798.0,-0.0001052578227245249
798.1,-0.0001042428775690496
798.2,-0.0001031265637720935
798.3000000000001,-0.0001019571282085963
798.4000000000001,-0.0001007545652100816
798.5,-9.947214857675135e-05
798.6,-9.811970812734216e-05
798.7,-9.676514309830964e-05
798.8000000000001,-9.539807797409594e-05
798.9000000000001,-9.410401253262535e-05
799.0,-9.275166667066514e-05
799.1,-9.131735714618117e-05
799.2,-8.977531251730397e-05
799.3000000000001,-8.819079084787518e-05
799.4000000000001,-8.67359631229192e-05
799.5,-8.535219240002334e-05
799.6,-8.399769285460934e-05
799.7,-8.265914948424324e-05
799.8000000000001,-8.133405208354816e-05
799.9000000000001,-7.992674363777041e-05
800.0,-7.84664080129005e-05
800.1,-7.695484964642674e-05
800.2,-7.562893733847886e-05
800.3000000000001,-7.440751505782828e-05
800.4000000000001,-7.324526086449623e-05
800.5,-7.215725781861693e-05
800.6,-7.102982635842636e-05
800.7,-6.97803043294698e-05
800.8000000000001,-6.861322617623955e-05
800.9000000000001,-6.7497392592486e-05
801.0,-6.647116242675111e-05
801.1,-6.55165349598974e-05
801.2,-6.468579522334039e-05
801.3000000000001,-6.386384484358132e-05
801.4000000000001,-6.305040733423084e-05
801.5,-6.223097443580627e-05
801.6,-6.146466330392286e-05
801.7,-6.073290569474921e-05
801.8000000000001,-6.012927042320371e-05
801.9000000000001,-5.96264872001484e-05
802.0,-5.915541987633333e-05
802.1,-5.869014785275795e-05
802.2,-5.822303864988498e-05
802.3000000000001,-5.778901322628371e-05
802.4000000000001,-5.745038652094081e-05
802.5,-5.715492443414405e-05
802.6,-5.691772093996406e-05
802.7,-5.664246054948308e-05
802.8000000000001,-5.643360418616794e-05
802.9000000000001,-5.628288272419013e-05
803.0,-5.615202462649904e-05
803.1,-5.610405059996992e-05
803.2,-5.611823507933877e-05
803.3000000000001,-5.616897760774009e-05
803.4000000000001,-5.617628630716354e-05
803.5,-5.627275822916999e-05
803.6,-5.637537469738163e-05
803.7,-5.656471330439672e-05
803.8000000000001,-5.677075387211516e-05
803.9000000000001,-5.704719296772964e-05
804.0,-5.736297680414282e-05
804.1,-5.775606041424908e-05
804.2,-5.816674456582405e-05
804.3000000000001,-5.856644565938041e-05
804.4000000000001,-5.903027340536937e-05
804.5,-5.951826096861623e-05
804.6,-6.006886542309076e-05
804.7,-6.068879156373441e-05
804.8000000000001,-6.133791612228379e-05
804.9000000000001,-6.208546255948022e-05
805.0,-6.282988033490255e-05
805.1,-6.358057726174593e-05
805.2,-6.435628893086687e-05
805.3000000000001,-6.51436421321705e-05
805.4000000000001,-6.600709457416087e-05
805.5,-6.695832416880876e-05
805.6,-6.78986034472473e-05
805.7,-6.891051452839747e-05
805.8000000000001,-6.99624652042985e-05
805.9000000000001,-7.0990550739225e-05
806.0,-7.203833956737071e-05
806.1,-7.312558591365814e-05
806.2,-7.426487718475983e-05
806.3000000000001,-7.541244849562645e-05
806.4000000000001,-7.663661381229758e-05
806.5,-7.79582405812107e-05
806.6,-7.921850919956341e-05
806.7,-8.047246956266463e-05
806.8000000000001,-8.17500549601391e-05
806.9000000000001,-8.304306538775563e-05
807.0,-8.436857024207711e-05
807.1,-8.57532286318019e-05
807.2,-8.716874435776845e-05
807.3000000000001,-8.854652696754783e-05
807.4000000000001,-8.9966160885524e-05
807.5,-9.133964340435341e-05
807.6,-9.268990834243596e-05
807.7,-9.403860167367384e-05
807.8000000000001,-9.547016816213727e-05
807.9000000000001,-9.680961375124753e-05
808.0,-9.813615179155022e-05
808.1,-9.940563177224249e-05
808.2,-0.0001006986713036895
808.3000000000001,-0.0001018978728097863
808.4000000000001,-0.0001031405117828399
808.5,-0.0001043049051077105
808.6,-0.0001054426247719675
808.7,-0.0001065426476998255
808.8000000000001,-0.000107597719761543
808.9000000000001,-0.0001085465773940086
809.0,-0.0001094454346457496
809.1,-0.000110347340523731
809.2,-0.0001111432138714008
809.3000000000001,-0.0001118943982874043
809.4000000000001,-0.0001125760754803196
809.5,-0.0001131643657572567
809.6,-0.000113679125206545
809.7,-0.0001141525281127542
809.8000000000001,-0.0001145477071986534
809.9000000000001,-0.000114891845441889
810.0,-0.0001151240139734
810.1,-0.0001152155455201864
810.2,-0.0001152842960436828
810.3000000000001,-0.000115283124614507
810.4000000000001,-0.0001151700489572249
810.5,-0.0001149421732407063
810.6,-0.0001147035072790459
810.7,-0.0001143115441664122
810.8000000000001,-0.000113922156742774
810.9000000000001,-0.0001133846453740261
811.0,-0.0001127838186221197
811.1,-0.0001120454544434324
811.2,-0.0001112239551730454
811.3000000000001,-0.0001103979229810648
811.4000000000001,-0.0001094886829378083
811.5,-0.0001084814066416584
811.6,-0.0001073725579772145
811.7,-0.000106285689980723
811.8000000000001,-0.0001050737337209284
811.9000000000001,-0.0001038070549839176
812.0,-0.0001025482997647487
812.1,-0.0001012121647363529
812.2,-9.981951006921008e-05
812.3000000000001,-9.837227844400331e-05
812.4000000000001,-9.685343684395775e-05
812.5,-9.533749835100025e-05
812.6,-9.38476441660896e-05
812.7,-9.239715291187167e-05
812.8000000000001,-9.091194078791887e-05
812.9000000000001,-8.944938599597663e-05
813.0,-8.796779002295807e-05
813.1,-8.632666140329093e-05
813.2,-8.468716987408698e-05
813.3000000000001,-8.317764877574518e-05
813.4000000000001,-8.179734868463129e-05
813.5,-8.044433343457058e-05
813.6,-7.917583570815623e-05
813.7,-7.782541069900617e-05
813.8000000000001,-7.63393472880125e-05
813.9000000000001,-7.490260031772777e-05
814.0,-7.350937084993348e-05
814.1,-7.226913294289261e-05
814.2,-7.115685730241239e-05
814.3000000000001,-7.004309009062126e-05
814.4000000000001,-6.901411688886583e-05
814.5,-6.78524884278886e-05
814.6,-6.674350879620761e-05
814.7,-6.572210259037092e-05
814.8000000000001,-6.474865949712694e-05
814.9000000000001,-6.381975254043937e-05
815.0,-6.301024404820055e-05
815.1,-6.225319521035999e-05
815.2,-6.162574572954327e-05
815.3000000000001,-6.088256122893654e-05
815.4000000000001,-6.01880565227475e-05
815.5,-5.952485662419349e-05
815.6,-5.897910159546882e-05
815.7,-5.844928818987682e-05
815.8000000000001,-5.80418563913554e-05
815.9000000000001,-5.762313230661675e-05
816.0,-5.724646325688809e-05
816.1,-5.688930104952306e-05
816.2,-5.659539237967692e-05
816.3000000000001,-5.640420204144903e-05
816.4000000000001,-5.626221536658704e-05
816.5,-5.611876622424461e-05
816.6,-5.59592190256808e-05
816.7,-5.587841587839648e-05
816.8000000000001,-5.5833334045019e-05
816.9000000000001,-5.577958290814422e-05
817.0,-5.582880112342536e-05
817.1,-5.596526170847937e-05
817.2,-5.615190457319841e-05
817.3000000000001,-5.636095011141151e-05
817.4000000000001,-5.656202483805828e-05
817.5,-5.681626862497069e-05
817.6,-5.710440746042877e-05
817.7,-5.743098517996259e-05
817.8000000000001,-5.783143933513202e-05
817.9000000000001,-5.827841232530773e-05
818.0,-5.879664968233556e-05
818.1,-5.938225876889192e-05
818.2,-5.990896897856146e-05
818.3000000000001,-6.04810775257647e-05
818.4000000000001,-6.115807627793401e-05
818.5,-6.184320227475837e-05
818.6,-6.25451430096291e-05
818.7,-6.332792690955102e-05
818.8000000000001,-6.415458483388647e-05
818.9000000000001,-6.503879558295012e-05
819.0,-6.589647819055244e-05
819.1,-6.679612852167338e-05
819.2,-6.778378883609548e-05
819.3000000000001,-6.874520477140322e-05
819.4000000000001,-6.977185694267973e-05
819.5,-7.083172386046499e-05
819.6,-7.193158671725541e-05
819.7,-7.307564374059439e-05
819.8000000000001,-7.424074283335358e-05
819.9000000000001,-7.543111860286444e-05
820.0,-7.659057882847264e-05
820.1,-7.786325295455754e-05
820.2,-7.910006388556212e-05
820.3000000000001,-8.042780973482877e-05
820.4000000000001,-8.173442620318383e-05
820.5,-8.30907083582133e-05
820.6,-8.438812801614404e-05
820.7,-8.573466038797051e-05
820.8000000000001,-8.708822133485228e-05
820.9000000000001,-8.85070112417452e-05
821.0,-8.983061707112938e-05
821.1,-9.114943532040343e-05
821.2,-9.251719893654808e-05
821.3000000000001,-9.381811105413362e-05
821.4000000000001,-9.51288384385407e-05
821.5,-9.641883661970496e-05
821.6,-9.766579751158133e-05
821.7,-9.892044181469828e-05
821.8000000000001,-0.0001001100026769564
821.9000000000001,-0.0001012503053061664
822.0,-0.0001023751246975735
822.1,-0.0001034417800838128
822.2,-0.0001044676755554974
822.3000000000001,-0.000105416722362861
822.4000000000001,-0.0001063521776814014
822.5,-0.0001072054947144352
822.6,-0.0001080069268937223
822.7,-0.0001087504642782733
822.8000000000001,-0.0001094065737561323
822.9000000000001,-0.0001100227163988166
823.0,-0.0001105475457734428
823.1,-0.0001110221128328703
823.2,-0.0001114053302444518
823.3000000000001,-0.0001117279753088951
823.4000000000001,-0.0001119757725973614
823.5,-0.0001121125387726352
823.6,-0.0001122095345635898
823.7,-0.0001122087414842099
823.8000000000001,-0.0001121359237004071
823.9000000000001,-0.000111945606477093
824.0,-0.0001116771309170872
824.1,-0.0001113359394366853
824.2,-0.0001109024378820322
824.3000000000001,-0.0001104342882172205
824.4000000000001,-0.0001098800858017057
824.5,-0.0001092289530788548
824.6,-0.0001084624454961158
824.7,-0.0001076496046152897
824.8000000000001,-0.0001067735865944996
824.9000000000001,-0.0001058081761584617
825.0,-0.0001048164704116061
825.1,-0.0001037496258504689
825.2,-0.0001026327663566917
825.3000000000001,-0.0001014325534924865
825.4000000000001,-0.0001002070566755719
825.5,-9.883959137368947e-05
825.6,-9.746508294483647e-05
825.7,-9.615846647648141e-05
825.8000000000001,-9.484217298449948e-05
825.9000000000001,-9.34792187763378e-05
826.0,-9.210997814079747e-05
826.1,-9.063579636858776e-05
826.2,-8.9075299911201e-05
826.3000000000001,-8.755205635679886e-05
826.4000000000001,-8.61127336975187e-05
826.5,-8.470586908515543e-05
826.6,-8.3387472841423e-05
826.7,-8.210071246139705e-05
826.8000000000001,-8.070657349890098e-05
826.9000000000001,-7.927289698272943e-05
827.0,-7.776543498039246e-05
827.1,-7.635200017830357e-05
827.2,-7.505952817155048e-05
827.3000000000001,-7.386763900285587e-05
827.4000000000001,-7.278188422787935e-05
827.5,-7.163793634390458e-05
827.6,-7.044630183372647e-05
827.7,-6.925067282281816e-05
827.8000000000001,-6.811142520746216e-05
827.9000000000001,-6.706308340653777e-05
828.0,-6.602123175980523e-05
828.1,-6.510676757898182e-05
828.2,-6.429886707337573e-05
828.3000000000001,-6.348078022710979e-05
828.4000000000001,-6.267792196013033e-05
828.5,-6.189418490976095e-05
828.6,-6.115116411820054e-05
828.7,-6.048909563105553e-05
828.8000000000001,-5.990684803691693e-05
828.9000000000001,-5.939482434769161e-05
829.0,-5.892506669624709e-05
829.1,-5.844185216119513e-05
829.2,-5.800899816676974e-05
829.3000000000001,-5.766164758824743e-05
829.4000000000001,-5.731969213229604e-05
829.5,-5.703482383978553e-05
829.6,-5.677895387634635e-05
829.7,-5.654045526171103e-05
829.8000000000001,-5.636147761833854e-05
829.9000000000001,-5.622977914754301e-05
830.0,-5.614379915641621e-05
830.1,-5.6097316701198e-05
830.2,-5.613797111436725e-05
830.3000000000001,-5.614349720417522e-05
830.4000000000001,-5.62136119697243e-05
830.5,-5.629098086501472e-05
830.6,-5.646812860504724e-05
830.7,-5.669496749760583e-05
830.8000000000001,-5.688605597242713e-05
830.9000000000001,-5.716703526559286e-05
831.0,-5.751155549660325e-05
831.1,-5.794981552753597e-05
831.2,-5.836584386997856e-05
831.3000000000001,-5.878314550500363e-05
831.4000000000001,-5.92308169871103e-05
831.5,-5.974814121145755e-05
831.6,-6.03443149884697e-05
831.7,-6.095877688494511e-05
831.8000000000001,-6.165549712022766e-05
831.9000000000001,-6.243263487704098e-05
832.0,-6.318011583061889e-05
832.1,-6.39229328953661e-05
832.2,-6.470941298175603e-05
832.3000000000001,-6.552624108735472e-05
832.4000000000001,-6.64087783661671e-05
832.5,-6.736806244589388e-05
832.6,-6.83492689859122e-05
832.7,-6.934968405403197e-05
832.8000000000001,-7.04126141499728e-05
832.9000000000001,-7.144692062865943e-05
833.0,-7.250943599501625e-05
833.1,-7.36246511223726e-05
833.2,-7.475272286683321e-05
833.3000000000001,-7.596585783176124e-05
833.4000000000001,-7.723168528173119e-05
833.5,-7.850788824725896e-05
833.6,-7.977811037562788e-05
833.7,-8.103090658551082e-05
833.8000000000001,-8.232289110310376e-05
833.9000000000001,-8.36399631225504e-05
834.0,-8.498074748786166e-05
834.1,-8.639373845653608e-05
834.2,-8.780278585618362e-05
834.3000000000001,-8.917893137549981e-05
834.4000000000001,-9.056687849806622e-05
834.5,-9.19477897696197e-05
834.6,-9.329255408374593e-05
834.7,-9.472618694417179e-05
834.8000000000001,-9.605936793377623e-05
834.9000000000001,-9.736790525494143e-05
835.0,-9.871539805317298e-05
835.1,-9.997701999964193e-05
835.2,-0.0001012434877338819
835.3000000000001,-0.0001024832381517626
835.4000000000001,-0.0001036941830534488
835.5,-0.0001048190606525168
835.6,-0.00010593327897368
835.7,-0.0001070007565431297
835.8000000000001,-0.000108013438875787
835.9000000000001,-0.0001089550496544689
836.0,-0.0001098654975066893
836.1,-0.0001107227944885381
836.2,-0.0001114929691539146
836.3000000000001,-0.0001122238027164713
836.4000000000001,-0.0001128586882259697
836.5,-0.0001134151534643024
836.6,-0.0001138827938120812
836.7,-0.0001143309200415388
836.8000000000001,-0.00011470584286144
836.9000000000001,-0.0001150100870290771
837.0,-0.0001152006807387806
837.1,-0.0001152705590357073
837.2,-0.0001152893455582671
837.3000000000001,-0.0001152403419837356
837.4000000000001,-0.0001150570315076038
837.5,-0.0001148594892583787
837.6,-0.0001145329588325694
837.7,-0.0001141505345003679
837.8000000000001,-0.000113708658318501
837.9000000000001,-0.0001131242752308026
838.0,-0.0001124388727475889
838.1,-0.0001116967687266879
838.2,-0.0001108867945731618
838.3000000000001,-0.0001100133231375366
838.4000000000001,-0.0001090562072931789
838.5,-0.0001079800931620412
838.6,-0.0001068810452125035
838.7,-0.0001057438130374067
838.8000000000001,-0.0001045068056555465
838.9000000000001,-0.0001032448853948154
839.0,-0.0001019642659230158
839.1,-0.0001005928206723183
839.2,-9.914435941027477e-05
839.3000000000001,-9.771414624992758e-05
839.4000000000001,-9.617622708901763e-05
839.5,-9.468831558478996e-05
839.6,-9.320392564404756e-05
839.7,-9.174003935186192e-05
839.8000000000001,-9.024015162140131e-05
839.9000000000001,-8.878811058821157e-05
840.0,-8.72522869030945e-05
840.1,-8.559320849599317e-05
840.2,-8.399876969633624e-05
840.3000000000001,-8.256344153778628e-05
840.4000000000001,-8.1179357948713e-05
840.5,-7.98422479419969e-05
840.6,-7.861490303184837e-05
840.7,-7.717293192399666e-05
840.8000000000001,-7.569139415863901e-05
840.9000000000001,-7.429891411447898e-05
841.0,-7.292378722922876e-05
841.1,-7.174949132604524e-05
841.2,-7.065061072353274e-05
841.3000000000001,-6.955557910259813e-05
841.4000000000001,-6.849913188489154e-05
841.5,-6.73512986395508e-05
841.6,-6.627092807320878e-05
841.7,-6.528532685479149e-05
841.8000000000001,-6.436152034439147e-05
841.9000000000001,-6.344703433569521e-05
842.0,-6.267475691856816e-05
842.1,-6.195027526700869e-05
842.2,-6.125740037532523e-05
842.3000000000001,-6.055683479644358e-05
842.4000000000001,-5.9891703131143e-05
842.5,-5.927443271502852e-05
842.6,-5.874500493519008e-05
842.7,-5.823150058859028e-05
842.8000000000001,-5.786688052467071e-05
842.9000000000001,-5.745569433202036e-05
843.0,-5.710296682082117e-05
843.1,-5.679719834006391e-05
843.2,-5.654386768583208e-05
843.3000000000001,-5.630674786516465e-05
843.4000000000001,-5.616153066512197e-05
843.5,-5.601520024356432e-05
843.6,-5.587881605606526e-05
843.7,-5.584659811574966e-05
843.8000000000001,-5.582512312685139e-05
843.9000000000001,-5.583283927990124e-05
844.0,-5.588207204709761e-05
844.1,-5.604327452601865e-05
844.2,-5.624779805657454e-05
844.3000000000001,-5.641810639644973e-05
844.4000000000001,-5.665090066031553e-05
844.5,-5.694206629414111e-05
844.6,-5.724704897147603e-05
844.7,-5.758486076956615e-05
844.8000000000001,-5.803698149975389e-05
844.9000000000001,-5.848473665537313e-05
845.0,-5.905174475628883e-05
845.1,-5.961133501841687e-05
845.2,-6.017016858095303e-05
845.3000000000001,-6.078151272959076e-05
845.4000000000001,-6.147118256194517e-05
845.5,-6.219743227120489e-05
845.6,-6.291245517786592e-05
845.7,-6.367972673615441e-05
845.8000000000001,-6.44974279566668e-05
845.9000000000001,-6.539880996569991e-05
846.0,-6.630989082623273e-05
846.1,-6.725778803229332e-05
846.2,-6.821515853516757e-05
846.3000000000001,-6.918481813045219e-05
846.4000000000001,-7.024447404546663e-05
846.5,-7.130885205697268e-05
846.6,-7.247082248795778e-05
846.7,-7.357950380537659e-05
846.8000000000001,-7.474285666830838e-05
846.9000000000001,-7.594981434522197e-05
847.0,-7.71443301346153e-05
847.1,-7.84251606091857e-05
847.2,-7.970802835188806e-05
847.3000000000001,-8.100554987322539e-05
847.4000000000001,-8.231570973293856e-05
847.5,-8.3665203419514e-05
847.6,-8.500960393575951e-05
847.7,-8.631939272163436e-05
847.8000000000001,-8.773856097832322e-05
847.9000000000001,-8.909385360311717e-05
848.0,-9.044520993484184e-05
848.1,-9.178215259453282e-05
848.2,-9.307623258791864e-05
848.3000000000001,-9.441669681109488e-05
848.4000000000001,-9.569289250066504e-05
848.5,-9.698794019641355e-05
848.6,-9.823774598771706e-05
848.7,-9.946906357072294e-05
848.8000000000001,-0.0001006271049845964
848.9000000000001,-0.0001017421309370548
849.0,-0.0001028499318636023
849.1,-0.0001039036142174155
849.2,-0.0001048948179231957
849.3000000000001,-0.000105857034213841
849.4000000000001,-0.0001067586854333058
849.5,-0.000107552063127514
849.6,-0.0001083463575923815
849.7,-0.0001090385921997949
849.8000000000001,-0.000109697415609844
849.9000000000001,-0.0001102484820876271
850.0,-0.0001107720527215861
850.1,-0.0001112053432734683
850.2,-0.0001115576451411471
850.3000000000001,-0.000111858949821908
850.4000000000001,-0.0001120549786719494
850.5,-0.0001121724635595456
850.6,-0.0001122055255109444
850.7,-0.0001121669774875045
850.8000000000001,-0.0001120654051192105
850.9000000000001,-0.000111841618490871
851.0,-0.0001115365230361931
851.1,-0.0001111435194616206
851.2,-0.0001107150601455942
851.3000000000001,-0.0001102169044315815
851.4000000000001,-0.0001095856059691869
851.5,-0.0001088827993953601
851.6,-0.0001081189911928959
851.7,-0.0001072376471711323
851.8000000000001,-0.0001063392555806786
851.9000000000001,-0.0001053832238540053
852.0,-0.0001043664160533808
852.1,-0.0001032511790981516
852.2,-0.0001020739146042615
852.3000000000001,-0.0001008776162052527
852.4000000000001,-9.957361180568114e-05
852.5,-9.827934263739735e-05
852.6,-9.689503349363804e-05
852.7,-9.552970004733652e-05
852.8000000000001,-9.423234587302431e-05
852.9000000000001,-9.289308218285441e-05
853.0,-9.149173274636269e-05
853.1,-8.992725634016097e-05
853.2,-8.832799358060583e-05
853.3000000000001,-8.689810056239367e-05
853.4000000000001,-8.550882921554148e-05
853.5,-8.411068847635761e-05
853.6,-8.283897477667779e-05
853.7,-8.148718916345388e-05
853.8000000000001,-8.009334851521999e-05
853.9000000000001,-7.85662850830704e-05
854.0,-7.706478936597705e-05
854.1,-7.577092765131965e-05
854.2,-7.454284059349447e-05
854.3000000000001,-7.336932321777567e-05
854.4000000000001,-7.227301102830097e-05
854.5,-7.116447523003444e-05
854.6,-6.98985459166579e-05
854.7,-6.872889935038984e-05
854.8000000000001,-6.760680116713047e-05
854.9000000000001,-6.655561446677893e-05
855.0,-6.559682515216991e-05
855.1,-6.476471753558144e-05
855.2,-6.395081436494365e-05
855.3000000000001,-6.311370816547424e-05
855.4000000000001,-6.230703002074733e-05
855.5,-6.154477159725502e-05
855.6,-6.082990148570389e-05
855.7,-6.018480416969396e-05
855.8000000000001,-5.971004065941088e-05
855.9000000000001,-5.919643081142567e-05
856.0,-5.872451583854854e-05
856.1,-5.830869849887677e-05
856.2,-5.781683648820035e-05
856.3000000000001,-5.746832175645977e-05
856.4000000000001,-5.715497536584735e-05
856.5,-5.694543506251648e-05
856.6,-5.668230005539954e-05
856.7,-5.646352292387746e-05
856.8000000000001,-5.628767758025788e-05
856.9000000000001,-5.615167901851237e-05
857.0,-5.609766594716348e-05
857.1,-5.61003434995655e-05
857.2,-5.616812995867804e-05
857.3000000000001,-5.618430805043317e-05
857.4000000000001,-5.626244092127308e-05
857.5,-5.636288187815808e-05
857.6,-5.655209679389372e-05
857.7,-5.675119609804824e-05
857.8000000000001,-5.702897760784253e-05
857.9000000000001,-5.731067722081207e-05
858.0,-5.770957795903087e-05
858.1,-5.813326060888357e-05
858.2,-5.855225026607513e-05
858.3000000000001,-5.899073948967271e-05
858.4000000000001,-5.945749580860138e-05
858.5,-5.999955465085804e-05
858.6,-6.060400482965633e-05
858.7,-6.126840162323788e-05
858.8000000000001,-6.197684706421569e-05
858.9000000000001,-6.277523061726242e-05
859.0,-6.351419142447412e-05
859.1,-6.426993786590174e-05
859.2,-6.505866622319445e-05
859.3000000000001,-6.592992576770484e-05
859.4000000000001,-6.685353582724929e-05
859.5,-6.779630348319188e-05
859.6,-6.878555723233148e-05
859.7,-6.984826904954389e-05
859.8000000000001,-7.088743586791679e-05
859.9000000000001,-7.191544864326715e-05
860.0,-7.301144069060683e-05
860.1,-7.414803258143365e-05
860.2,-7.527954585384578e-05
860.3000000000001,-7.652852218598127e-05
860.4000000000001,-7.781432213960215e-05
860.5,-7.908201951067895e-05
860.6,-8.03320508566685e-05
860.7,-8.160651486832649e-05
860.8000000000001,-8.293011342175305e-05
860.9000000000001,-8.424516272498295e-05
861.0,-8.56144615681842e-05
861.1,-8.702430932316929e-05
861.2,-8.8398766820319e-05
861.3000000000001,-8.983092266134918e-05
861.4000000000001,-9.119258902501315e-05
861.5,-9.254860924556851e-05
861.6,-9.389880870003253e-05
861.7,-9.532428521197289e-05
861.8000000000001,-9.667684935266152e-05
861.9000000000001,-9.799510007724166e-05
862.0,-9.927008068189025e-05
862.1,-0.0001005677477223799
862.2,-0.0001017923932522535
862.3000000000001,-0.00010303633462172
862.4000000000001,-0.0001042022340698168
862.5,-0.0001053280138876289
862.6,-0.000106411513115745
862.7,-0.0001074768006219529
862.8000000000001,-0.0001084209870896302
862.9000000000001,-0.0001093657483579591
863.0,-0.00011025121784769
863.1,-0.0001110753873945214
863.2,-0.0001118173386203125
863.3000000000001,-0.0001125249182223342
863.4000000000001,-0.0001131066237576306
863.5,-0.0001136313512688503
863.6,-0.0001141085813287646
863.7,-0.0001145115747931413
863.8000000000001,-0.0001148621959146112
863.9000000000001,-0.0001150853058788925
864.0,-0.000115226699563209
864.1,-0.0001152889526565559
864.2,-0.0001153016783064231
864.3000000000001,-0.0001151787146227434
864.4000000000001,-0.0001150199750554748
864.5,-0.0001147313232650049
864.6,-0.0001143499757745303
864.7,-0.0001139238374889828
864.8000000000001,-0.0001134578342316672
864.9000000000001,-0.0001128439980675466
865.0,-0.0001121433451771736
865.1,-0.0001113400139729492
865.2,-0.0001105164119508117
865.3000000000001,-0.0001095748302759603
865.4000000000001,-0.0001086005140678026
865.5,-0.000107507839857135
865.6,-0.0001063790041371249
865.7,-0.0001051939398166724
865.8000000000001,-0.0001039448616211303
865.9000000000001,-0.0001026607205858454
866.0,-0.0001013451474136673
866.1,-9.996994776884094e-05
866.2,-9.853787923930213e-05
866.3000000000001,-9.700328519102186e-05
866.4000000000001,-9.553840209264308e-05
866.5,-9.401368151884526e-05
866.6,-9.253695316147059e-05
866.7,-9.106479410547763e-05
866.8000000000001,-8.958723628893495e-05
866.9000000000001,-8.81255473359488e-05
867.0,-8.651028474560007e-05
867.1,-8.485671423841268e-05
867.2,-8.334257290698588e-05
867.3000000000001,-8.193517714971676e-05
867.4000000000001,-8.060484105953947e-05
867.5,-7.929069397505373e-05
867.6,-7.796838326612487e-05
867.7,-7.649457984371111e-05
867.8000000000001,-7.505534449592233e-05
867.9000000000001,-7.366958016064018e-05
868.0,-7.241283310577273e-05
868.1,-7.121443923097104e-05
868.2,-7.019502663752064e-05
868.3000000000001,-6.907387432875112e-05
868.4000000000001,-6.797778769396245e-05
868.5,-6.685067637590691e-05
868.6,-6.582199421245605e-05
868.7,-6.482423486886546e-05
868.8000000000001,-6.391548231476918e-05
868.9000000000001,-6.309780292212963e-05
869.0,-6.235187174752355e-05
869.1,-6.166411913000047e-05
869.2,-6.09549242653884e-05
869.3000000000001,-6.026451956131496e-05
869.4000000000001,-5.959558257018216e-05
869.5,-5.90146919421386e-05
869.6,-5.853741458849981e-05
869.7,-5.809461072203703e-05
869.8000000000001,-5.767008042312227e-05
869.9000000000001,-5.729876284021884e-05
870.0,-5.691536352969706e-05
870.1,-5.663629053742625e-05
870.2,-5.644657358061522e-05
870.3000000000001,-5.626025085803121e-05
870.4000000000001,-5.609498111880384e-05
870.5,-5.594392860075459e-05
870.6,-5.587691339314915e-05
870.7,-5.583745951298624e-05
870.8000000000001,-5.580369906965643e-05
870.9000000000001,-5.583263555308804e-05
871.0,-5.596023765974678e-05
871.1,-5.610083462670445e-05
871.2,-5.634022454614751e-05
871.3000000000001,-5.65512636967469e-05
871.4000000000001,-5.679910827893764e-05
871.5,-5.709234392270446e-05
871.6,-5.73959514440503e-05
871.7,-5.776968464488164e-05
871.8000000000001,-5.823478204547428e-05
871.9000000000001,-5.872904512216337e-05
872.0,-5.932088606641628e-05
872.1,-5.984408926451579e-05
872.2,-6.039972140570171e-05
872.3000000000001,-6.110318645369262e-05
872.4000000000001,-6.175319867907092e-05
872.5,-6.248143472475931e-05
872.6,-6.327131268335506e-05
872.7,-6.4058207499329e-05
872.8000000000001,-6.49357825750485e-05
872.9000000000001,-6.582622154382989e-05
873.0,-6.671642768196762e-05
873.1,-6.769941683160141e-05
873.2,-6.865788600407541e-05
873.3000000000001,-6.965955981286243e-05
873.4000000000001,-7.071252912282944e-05
873.5,-7.179939711932093e-05
873.6,-7.296139665413648e-05
873.7,-7.4112816946581e-05
873.8000000000001,-7.530929724453017e-05
873.9000000000001,-7.647558959433809e-05
874.0,-7.773061224725097e-05
874.1,-7.897352770669386e-05
874.2,-8.028432057471946e-05
874.3000000000001,-8.157570118783042e-05
874.4000000000001,-8.294671715702862e-05
874.5,-8.42562731122598e-05
874.6,-8.562410221202299e-05
874.7,-8.695383439771831e-05
874.8000000000001,-8.834651089273393e-05
874.9000000000001,-8.967919711722061e-05
875.0,-9.104156924877316e-05
875.1,-9.236563346348703e-05
875.2,-9.370670159114525e-05
875.3000000000001,-9.49798195506446e-05
875.4000000000001,-9.630601562093943e-05
875.5,-9.75411749095656e-05
875.6,-9.87817911664024e-05
875.7,-9.997289453167468e-05
875.8000000000001,-0.0001011328131426126
875.9000000000001,-0.0001022617725539021
876.0,-0.0001033303269650787
876.1,-0.0001043605734594166
876.2,-0.0001053483138093725
876.3000000000001,-0.0001062652299879119
876.4000000000001,-0.0001070914513547905
876.5,-0.0001079143039532937
876.6,-0.0001086708944058046
876.7,-0.0001093526079785079
876.8000000000001,-0.0001099739456549287
876.9000000000001,-0.0001105049668694846
877.0,-0.0001109774457290769
877.1,-0.0001113757462007925
877.2,-0.000111692505015526
877.3000000000001,-0.0001119304215535522
877.4000000000001,-0.0001120897868531756
877.5,-0.0001121939858421683
877.6,-0.0001122353933169506
877.7,-0.0001121452733059414
877.8000000000001,-0.0001120008164434694
877.9000000000001,-0.0001117011488531716
878.0,-0.0001113627949962392
878.1,-0.0001109364238800481
878.2,-0.0001104847833630629
878.3000000000001,-0.0001099578221328557
878.4000000000001,-0.000109291315311566
878.5,-0.0001085365511244163
878.6,-0.0001077447086572647
878.7,-0.0001068715064320713
878.8000000000001,-0.0001059053174685687
878.9000000000001,-0.0001049402853823267
879.0,-0.0001038934860844165
879.1,-0.0001027315374813043
879.2,-0.0001015435555018485
879.3000000000001,-0.000100307232060004
879.4000000000001,-9.898575081024319e-05
879.5,-9.761047112988308e-05
879.6,-9.62736303335987e-05
879.7,-9.496138955000788e-05
879.8000000000001,-9.365296136820689e-05
879.9000000000001,-9.226475958712399e-05
880.0,-9.080057498067617e-05
880.1,-8.924031135393307e-05
880.2,-8.76899721333757e-05
880.3000000000001,-8.625507325632498e-05
880.4000000000001,-8.484956197207794e-05
880.5,-8.353256271220744e-05
880.6,-8.22170841274783e-05
880.7,-8.085153240244836e-05
880.8000000000001,-7.93870713096112e-05
880.9000000000001,-7.794763951096684e-05
881.0,-7.649097824469209e-05
881.1,-7.521526276832446e-05
881.2,-7.401722541544586e-05
881.3000000000001,-7.2882256063167e-05
881.4000000000001,-7.175091013778001e-05
881.5,-7.057547918520868e-05
881.6,-6.9353700382635e-05
881.7,-6.822044088039547e-05
881.8000000000001,-6.716204370604828e-05
881.9000000000001,-6.613267032662407e-05
882.0,-6.518741429317743e-05
882.1,-6.438958371290937e-05
882.2,-6.357266829581931e-05
882.3000000000001,-6.276084604905918e-05
882.4000000000001,-6.197774928295985e-05
882.5,-6.12034200457856e-05
882.6,-6.053761535440572e-05
882.7,-5.996523032081313e-05
882.8000000000001,-5.947216050117277e-05
882.9000000000001,-5.900254473090172e-05
883.0,-5.849612352903932e-05
883.1,-5.803453677799553e-05
883.2,-5.770274583483115e-05
883.3000000000001,-5.735585364163853e-05
883.4000000000001,-5.705674630007707e-05
883.5,-5.68122231925372e-05
883.6,-5.657244400936179e-05
883.7,-5.637174035655335e-05
883.8000000000001,-5.625316771329381e-05
883.9000000000001,-5.612459426629357e-05
884.0,-5.60969601792749e-05
884.1,-5.613193570752628e-05
884.2,-5.615947156911716e-05
884.3000000000001,-5.621828677249141e-05
884.4000000000001,-5.628393046208657e-05
884.5,-5.645813871524297e-05
884.6,-5.66395501664374e-05
884.7,-5.68506948184222e-05
884.8000000000001,-5.715062434319407e-05
884.9000000000001,-5.749386036768556e-05
885.0,-5.79073530388996e-05
885.1,-5.83109213039279e-05
885.2,-5.872893962077796e-05
885.3000000000001,-5.920100375078619e-05
885.4000000000001,-5.971448626951315e-05
885.5,-6.026745541021228e-05
885.6,-6.088555892347358e-05
885.7,-6.15850294707343e-05
885.8000000000001,-6.234244938241318e-05
885.9000000000001,-6.308758747763932e-05
886.0,-6.385781307471916e-05
886.1,-6.462688907049596e-05
886.2,-6.544241477968171e-05
886.3000000000001,-6.63151076878421e-05
886.4000000000001,-6.726929132128134e-05
886.5,-6.825261516496539e-05
886.6,-6.92715184413828e-05
886.7,-7.03157129464671e-05
886.8000000000001,-7.130094309104607e-05
886.9000000000001,-7.241447019623592e-05
887.0,-7.348738290602341e-05
887.1,-7.465470116585493e-05
887.2,-7.585468847537413e-05
887.3000000000001,-7.710972568020225e-05
887.4000000000001,-7.837374869268388e-05
887.5,-7.967292913235724e-05
887.6,-8.091148629318923e-05
887.7,-8.217521099140868e-05
887.8000000000001,-8.34985330584459e-05
887.9000000000001,-8.485758735332638e-05
888.0,-8.625088958069682e-05
888.1,-8.76554477144964e-05
888.2,-8.904232527129352e-05
888.3000000000001,-9.041350858751684e-05
888.4000000000001,-9.18112782528624e-05
888.5,-9.316396608483046e-05
888.6,-9.457038686377928e-05
888.7,-9.592950664227828e-05
888.8000000000001,-9.722485992824659e-05
888.9000000000001,-9.859939746093005e-05
889.0,-9.983112977351993e-05
889.1,-0.0001011678468785249
889.2,-0.0001023564545903355
889.3000000000001,-0.0001035488676279783
889.4000000000001,-0.0001047082332661375
889.5,-0.0001058088528225198
889.6,-0.0001069180289050564
889.7,-0.0001079256544471718
889.8000000000001,-0.0001088483113562688
889.9000000000001,-0.000109741733467672
890.0,-0.0001106349445763044
890.1,-0.0001114117985707708
890.2,-0.0001121596724260598
